"","91","92","93","100","111","112","113","114","120","131","132","133"
"01073",0,0,0,2,1,2,0,14,0,3,54,36
"02003",0,0,0,0,0,0,0,1,0,0,0,0
"02012",0,0,0,0,0,0,0,1,0,1,0,0
"02013",1,0,0,1,5,1,0,50,0,12,134,11
"02021",0,0,0,2,1,0,0,40,1,11,56,4
"02027",2,0,0,1,0,0,0,21,0,30,20,3
"03001",0,0,0,0,0,0,0,0,0,1,1,0
"03003",0,0,0,0,0,0,0,0,0,0,3,0
"03005",0,0,0,0,6,0,15,2,0,2,20,3
"03007",1,0,0,7,85,19,6,77,1,96,92,56
"03009",0,0,0,1,4,14,4,4,0,5,26,0
"03015",0,0,0,0,2,8,0,3,0,0,6,3
"03019",0,0,0,0,0,0,0,1,0,0,1,0
"03023",0,0,0,0,1,0,0,0,0,2,6,4
"03027",0,0,0,0,3,1,0,2,0,1,5,1
"03029",0,0,0,0,2,0,0,2,0,3,1,0
"03031",0,0,0,0,4,0,1,1,0,11,19,14
"03033",0,0,0,1,17,0,4,36,0,18,52,6
"03035",0,0,0,1,20,4,4,12,0,33,74,25
"03037",0,0,0,0,5,0,0,0,0,5,1,0
"03039",0,0,0,0,0,0,0,1,0,0,2,0
"03041",0,0,0,0,1,0,0,0,0,0,1,0
"03043",0,0,0,0,2,1,0,1,0,0,2,0
"03045",0,0,0,2,25,0,9,42,2,25,158,63
"03047",0,0,0,0,0,0,0,0,0,0,1,0
"03049",0,0,0,0,0,0,0,1,0,0,0,0
"03051",0,0,0,0,17,6,3,16,0,22,55,36
"03053",0,0,0,0,0,0,0,0,0,2,0,0
"03055",0,1,0,1,6,7,0,22,0,4,64,7
"03057",0,0,0,1,8,0,0,10,1,12,44,0
"03059",0,0,0,1,1,0,0,3,0,0,3,0
"03061",0,0,0,0,1,0,0,1,0,0,0,0
"03063",0,0,0,0,8,1,2,4,0,8,10,12
"03065",0,0,0,0,0,0,0,0,0,1,0,0
"03067",1,0,0,0,1,1,1,0,0,0,15,4
"03069",0,0,0,0,14,2,0,11,2,36,96,16
"03071",0,0,0,0,0,1,0,0,0,1,1,0
"03073",0,0,0,0,0,0,0,0,0,1,0,0
"03075",0,0,0,0,1,0,0,0,0,0,0,0
"03081",0,0,0,0,1,0,0,0,0,1,7,1
"03083",0,0,0,0,6,0,1,0,0,3,6,1
"03085",0,0,0,1,4,0,0,2,0,6,14,2
"03087",0,0,0,0,0,0,0,1,0,2,2,1
"03089",0,0,0,0,0,0,0,0,0,1,0,0
"03091",0,0,0,0,5,2,1,9,1,22,57,16
"03093",1,0,0,1,17,1,9,8,0,17,50,9
"03095",0,0,0,0,1,0,0,0,0,0,0,0
"03097",0,0,0,0,2,0,0,0,0,0,4,0
"03099",0,0,0,0,0,0,0,2,0,1,8,0
"03101",0,0,0,0,0,0,0,0,0,1,0,0
"03103",0,0,0,0,2,1,0,2,0,6,7,3
"03105",0,0,0,0,0,0,0,1,0,1,0,0
"03107",0,0,0,0,0,0,0,0,0,2,0,0
"03109",1,0,0,0,1,0,0,0,0,0,0,0
"03111",0,0,0,0,3,0,0,1,0,2,1,1
"03113",0,0,0,0,0,0,0,0,0,0,1,1
"03115",0,0,0,0,9,3,0,14,0,11,38,5
"03119",1,1,0,5,49,17,2,42,7,150,646,136
"03123",0,0,0,0,2,0,0,11,3,5,60,14
"03125",0,0,0,1,10,3,3,14,1,13,44,20
"03127",0,0,0,0,1,1,0,0,0,2,1,1
"03131",0,0,0,7,52,14,0,95,7,89,114,60
"03133",0,0,0,0,1,1,0,0,0,4,7,0
"03135",0,0,0,0,1,0,0,0,0,0,2,0
"03137",0,0,0,0,0,0,0,0,0,1,0,1
"03139",0,0,0,1,5,0,3,1,0,10,13,3
"03141",0,0,0,0,4,0,0,4,0,3,6,1
"03143",1,0,0,5,97,12,11,113,1,155,203,79
"03145",1,0,0,0,5,1,0,5,0,4,57,2
"03149",0,0,0,0,1,0,0,1,0,0,2,0
"05 NA",1,0,0,0,0,0,0,0,0,0,1,0
"05001",5,1,0,20,142,14,22,109,12,45,316,7
"05003",0,0,0,0,0,0,0,1,0,1,1,0
"05005",2,0,0,33,126,44,37,292,17,66,685,8
"05007",0,0,0,1,1,0,0,1,0,1,6,0
"05009",0,0,0,0,1,0,0,0,0,0,1,0
"05011",0,0,0,0,1,0,0,1,0,1,1,0
"05013",1,0,0,7,14,5,42,75,1,23,124,9
"05014",0,1,0,0,2,0,0,8,0,1,4,1
"05015",0,0,0,0,1,0,0,2,0,0,1,1
"05017",0,0,0,0,0,0,0,0,0,0,1,0
"05019",0,0,0,0,1,1,0,3,0,0,9,1
"05021",0,0,0,0,0,0,0,0,0,0,1,0
"05025",0,0,0,0,0,0,0,1,0,0,0,0
"05027",0,0,0,0,0,0,0,1,0,0,3,0
"05029",0,0,0,0,0,0,11,1,1,1,5,1
"05031",7,0,0,37,141,66,4,467,37,136,1151,21
"05033",0,0,0,0,0,0,0,0,0,1,0,0
"05035",0,0,0,1,11,4,9,36,1,12,73,3
"05037",0,0,0,0,5,1,5,4,0,2,6,4
"05039",0,0,0,0,0,0,1,1,0,1,0,0
"05041",10,0,0,20,251,50,5,217,20,86,105,8
"05043",0,0,0,2,15,10,1,13,0,9,20,1
"05045",0,0,0,1,6,0,11,9,0,2,20,1
"05047",0,0,0,0,0,1,1,0,0,0,3,0
"05049",0,0,0,0,0,0,0,1,0,0,1,0
"05051",0,0,0,0,3,3,0,0,0,4,8,1
"05053",0,0,0,0,0,0,0,2,0,0,0,0
"05055",0,0,0,0,0,0,0,0,0,0,4,1
"05059",2,4,0,20,63,24,30,229,13,58,429,11
"05061",0,0,0,0,0,0,0,0,0,0,1,0
"05063",0,0,0,0,1,0,1,3,0,2,8,0
"05065",0,0,0,0,0,0,1,2,0,0,6,0
"05067",0,0,0,0,2,0,1,0,0,0,2,1
"05069",0,0,0,2,30,13,5,115,1,22,137,4
"05071",0,0,0,0,0,0,0,2,0,0,3,2
"05073",0,0,0,0,0,0,0,0,0,1,0,0
"05075",2,0,0,0,8,5,11,11,0,2,32,1
"05077",0,0,0,5,69,7,4,76,1,11,68,4
"05081",0,0,0,0,0,0,0,23,0,2,2,1
"05083",0,1,0,0,3,0,2,6,0,2,7,0
"05085",2,0,0,1,7,0,6,25,0,3,15,0
"05087",0,0,0,0,1,3,16,13,0,1,9,1
"05089",0,0,0,1,3,3,0,8,0,3,10,0
"05093",0,0,0,0,0,1,0,0,0,0,1,0
"05095",0,0,0,0,1,1,0,1,0,0,4,0
"05097",0,0,0,1,0,1,1,2,0,2,4,1
"05099",0,0,0,0,1,0,0,4,0,1,1,0
"05101",0,0,0,1,4,43,3,23,2,15,147,1
"05103",0,0,0,0,3,0,0,1,0,0,4,0
"05105",0,0,0,0,3,1,0,2,0,1,2,0
"05107",0,0,0,1,5,2,0,2,0,1,6,0
"05109",0,0,0,0,0,0,1,0,0,0,3,0
"05113",0,0,0,0,0,0,0,0,0,0,1,0
"05117",0,0,0,0,4,2,0,1,0,1,7,1
"05119",0,0,0,0,0,1,1,3,0,4,10,0
"05121",0,0,0,1,1,0,1,6,0,0,8,0
"05123",0,3,0,8,27,21,21,134,6,51,167,4
"05125",0,0,0,0,2,0,1,0,0,1,5,0
"06001",2,0,0,7,36,3,6,78,26,44,173,38
"06003",0,0,0,15,45,9,4,79,11,18,234,57
"06005",0,0,0,0,6,4,2,55,4,10,53,7
"06007",0,0,0,1,6,2,3,4,0,6,45,2
"06009",1,0,0,8,34,20,1,133,11,111,232,71
"06011",0,0,0,7,6,6,1,36,1,27,87,16
"06013",0,0,0,1,3,0,0,13,1,5,22,5
"06015",0,0,0,1,5,0,5,14,1,5,34,7
"06900",2,1,0,8,22,9,9,63,0,13,144,29
"07001",1,0,0,19,64,27,7,101,6,65,239,36
"07003",1,0,0,33,90,27,5,169,26,217,649,105
"07005",1,0,0,27,82,24,7,112,3,55,264,51
"07900",0,0,0,0,0,1,0,0,0,0,0,0
"08 NA",0,0,0,3,0,0,0,1,139,15,70,4
"11 NA",0,0,0,1,0,0,0,9,0,2,0,0
"11001",5,0,0,4,42,25,25,166,2,77,373,19
"11003",0,0,0,0,0,0,0,0,0,0,1,0
"11005",2,0,0,0,6,2,2,20,0,7,130,3
"11007",0,0,0,1,0,2,0,8,0,1,18,2
"11009",0,0,0,1,0,0,0,4,0,1,5,0
"11011",0,0,0,4,6,0,0,63,0,2,133,3
"11013",0,0,0,0,3,0,0,5,0,5,4,1
"11015",0,0,0,0,0,0,0,1,0,0,1,1
"11017",0,0,0,0,1,0,0,47,0,2,23,1
"11019",1,0,0,19,11,0,2,119,1,32,184,12
"11021",0,0,0,0,0,0,0,4,0,1,5,1
"11023",0,0,0,0,0,1,0,0,0,0,3,0
"11027",0,1,0,13,22,0,8,233,0,24,146,4
"11029",0,0,0,0,0,0,0,3,0,1,1,0
"11031",0,0,0,0,7,3,0,14,0,2,9,0
"11035",0,0,0,0,0,0,0,9,0,1,4,2
"11039",0,0,0,4,2,0,1,19,1,6,52,3
"11041",0,0,0,0,0,0,0,15,0,1,4,0
"11043",0,0,0,0,2,0,0,2,0,2,5,0
"11045",0,0,0,0,1,0,0,11,0,2,11,1
"11047",0,1,0,3,1,0,0,19,0,4,28,0
"11049",1,0,0,0,2,0,0,3,0,1,16,0
"11051",0,0,0,0,0,0,0,5,0,3,13,4
"11053",0,0,0,1,2,0,0,27,0,3,35,0
"11055",1,0,0,8,25,11,10,102,1,31,155,4
"11057",0,0,0,0,6,1,1,7,0,0,27,2
"11059",0,0,0,0,1,1,0,0,0,0,2,0
"11061",0,0,0,0,0,0,0,4,0,0,5,0
"11063",0,0,0,0,1,2,0,1,0,0,0,0
"11065",0,0,0,1,8,0,0,18,0,1,14,2
"11067",0,0,0,0,3,0,0,18,0,1,23,0
"11069",0,0,0,0,3,2,0,37,0,1,80,2
"11071",0,0,0,0,0,0,0,1,0,0,3,0
"11073",1,0,0,0,1,0,0,1,0,1,14,0
"11075",0,0,0,2,6,1,0,14,0,5,22,0
"11077",0,0,0,0,3,0,0,9,0,3,11,0
"11079",0,0,0,1,2,1,0,17,0,1,30,3
"11081",0,0,0,0,0,1,0,4,0,0,0,2
"11083",1,0,0,10,1,0,0,107,0,12,166,8
"11085",0,0,0,0,6,0,0,1,0,0,39,2
"11087",0,0,0,0,0,0,0,1,0,1,2,0
"12201",2,0,0,8,78,27,0,129,18,61,371,8
"14001",0,0,0,0,0,0,0,0,0,0,1,0
"14003",0,0,0,0,1,1,1,0,0,2,2,0
"14007",0,0,0,0,4,0,0,10,0,4,17,1
"14009",0,0,0,0,0,0,1,0,0,1,2,0
"14011",0,0,0,0,2,0,0,2,0,2,9,1
"14013",2,0,0,2,17,9,1,44,0,24,104,1
"14015",0,0,0,0,13,0,3,5,0,6,27,5
"14017",0,0,0,0,2,0,0,8,0,3,4,1
"14019",0,0,0,0,0,0,0,5,0,1,7,4
"14021",0,0,0,0,3,0,0,7,0,11,97,4
"14025",0,0,0,0,0,0,0,0,0,1,0,0
"14027",0,0,0,0,0,0,0,3,0,0,3,0
"14029",0,0,0,0,3,0,1,5,0,3,12,0
"14031",0,0,0,0,1,0,1,3,0,2,3,0
"14033",0,1,0,0,3,2,0,2,0,1,15,0
"14035",0,0,0,0,2,0,0,0,0,3,3,0
"14037",0,0,0,0,0,0,1,1,0,0,4,0
"14039",0,0,0,0,0,0,0,0,0,2,5,0
"14041",0,0,0,0,1,0,6,1,0,1,7,2
"14043",0,0,0,0,1,0,2,0,0,1,3,0
"14045",0,0,0,0,8,6,14,31,1,19,38,5
"14047",0,0,0,0,0,0,0,0,0,0,4,0
"14049",0,0,0,3,2,1,0,10,0,4,18,0
"14051",0,0,0,0,0,0,0,1,0,1,5,0
"14053",0,0,0,0,0,0,0,0,0,0,1,0
"14055",0,0,0,1,3,0,0,2,0,5,4,0
"14057",0,0,0,1,6,4,4,17,1,16,51,0
"14059",0,0,0,0,0,0,0,4,0,0,7,0
"14061",0,0,0,1,5,1,0,26,0,5,81,11
"14063",0,0,0,0,0,0,0,4,0,2,8,2
"14065",0,0,0,0,4,0,0,3,0,3,10,0
"14067",0,0,0,0,2,0,0,1,0,2,5,0
"14069",0,0,0,0,0,0,0,0,0,1,2,0
"14073",0,0,0,0,0,0,0,1,0,0,0,0
"14075",0,0,0,0,0,0,0,0,0,3,1,0
"14077",0,0,0,0,2,0,0,0,0,0,5,0
"14079",0,0,0,0,1,0,0,3,0,3,8,1
"14081",0,0,0,0,0,0,0,0,0,1,1,0
"14083",0,0,0,0,2,0,2,6,0,4,8,0
"14085",0,0,0,0,2,0,0,2,0,1,2,1
"14087",0,0,0,0,3,0,1,9,0,2,18,0
"14089",0,0,0,0,1,0,0,0,0,0,8,0
"14091",0,0,0,0,0,0,0,0,0,0,2,0
"14093",0,0,0,0,1,1,0,0,0,0,2,0
"14095",0,0,0,0,0,0,0,0,0,1,1,0
"14097",0,0,0,0,5,0,0,8,0,1,29,6
"14099",1,0,0,0,1,0,26,6,0,3,35,0
"14101",0,0,0,1,3,0,0,5,0,2,13,0
"14103",0,1,0,5,11,20,0,23,2,14,67,5
"14105",0,0,0,0,0,0,1,0,0,0,4,0
"14107",0,0,0,0,0,0,0,0,0,1,1,0
"14109",0,0,0,1,0,0,0,2,0,1,3,0
"14111",0,0,0,1,8,1,0,9,0,21,32,9
"14113",1,0,0,2,27,6,2,80,1,18,112,10
"14115",0,0,0,0,1,0,0,9,0,1,1,0
"14117",0,0,0,0,1,0,0,4,0,0,8,0
"14119",0,0,0,0,2,1,0,0,0,1,2,0
"14121",0,0,0,0,0,1,0,4,0,2,6,0
"14123",0,0,0,0,2,1,2,8,0,3,21,2
"14125",0,0,0,0,11,0,0,2,0,6,11,0
"14127",0,0,0,1,2,0,0,1,0,16,23,1
"14129",0,0,0,0,4,1,0,10,0,7,9,3
"14131",0,0,0,0,0,0,0,2,0,0,1,0
"14133",0,0,0,0,2,0,0,1,0,0,0,0
"14135",0,0,0,0,0,0,0,5,0,0,1,0
"14137",0,0,0,0,3,0,1,4,0,0,9,1
"14139",0,0,0,2,42,0,0,6,0,17,14,0
"14141",0,0,0,0,0,0,1,3,0,0,1,0
"14143",0,0,0,0,0,0,0,1,0,0,4,0
"14145",0,0,0,0,1,0,1,6,0,1,22,4
"14147",0,0,0,0,0,0,0,2,0,3,5,0
"14149",0,0,0,0,5,0,0,12,0,2,26,10
"14151",0,0,0,0,1,0,0,6,0,0,3,1
"14153",1,0,0,14,93,17,1,95,9,58,451,98
"14155",2,0,0,12,44,4,0,19,5,53,101,3
"14157",0,0,0,0,2,0,1,2,0,2,18,1
"14161",0,0,0,0,2,0,0,0,0,4,4,0
"14163",1,0,0,7,27,16,14,65,7,36,200,8
"14167",0,0,0,0,2,0,0,2,0,3,9,0
"14169",0,0,0,2,6,6,0,44,0,10,38,2
"14171",0,0,0,0,1,0,0,4,0,2,7,0
"14175",0,0,0,0,0,0,6,2,0,3,2,0
"14177",0,0,0,0,0,0,0,0,0,0,3,0
"14179",0,0,0,1,6,0,0,26,1,0,14,0
"14181",0,0,0,5,16,5,4,9,0,10,33,8
"14183",1,0,0,0,19,0,0,0,0,9,6,0
"14185",0,0,0,0,0,0,0,0,0,0,2,0
"14187",1,0,0,1,6,0,0,16,0,6,37,2
"14189",0,0,0,0,0,0,0,1,0,0,3,0
"14191",0,0,0,0,0,0,0,0,0,0,2,0
"14193",0,0,0,4,13,5,2,80,2,16,166,3
"14195",0,0,0,0,1,0,1,0,0,0,0,0
"14197",0,0,0,1,4,0,0,2,0,0,6,2
"15 NA",0,0,0,0,0,0,0,1,0,0,2,0
"15001",0,0,0,3,7,2,0,14,0,6,17,1
"15003",0,0,0,2,4,2,0,4,0,3,4,2
"15005",0,0,0,0,6,1,0,17,1,4,13,1
"15007",0,0,0,1,2,1,0,3,0,1,1,1
"15009",1,0,0,1,14,5,0,20,0,12,25,10
"15011",0,0,0,7,6,2,0,13,0,6,14,1
"15013",0,0,0,1,2,3,0,4,0,3,15,1
"15015",0,0,0,5,14,5,0,32,0,15,32,9
"15017",0,0,0,0,0,0,0,4,0,1,0,0
"15019",0,0,0,0,0,1,0,1,0,0,0,0
"15021",0,0,0,6,4,0,0,23,1,10,19,1
"15023",0,0,0,0,1,0,0,2,0,2,0,0
"15025",0,0,0,0,0,0,0,1,0,0,2,1
"15027",0,0,0,0,3,0,0,1,0,0,3,0
"15029",0,0,0,2,7,2,0,5,0,8,7,6
"15031",0,0,0,1,0,0,0,2,0,4,2,1
"15033",0,0,0,0,0,0,0,0,0,2,1,0
"15035",0,0,0,6,5,5,0,30,0,25,32,3
"15037",1,0,0,1,11,4,0,31,0,29,58,8
"15039",0,0,0,0,2,0,0,2,0,1,0,0
"15041",1,0,0,1,3,3,0,14,0,6,16,3
"15043",0,0,0,0,1,1,0,4,0,3,6,1
"15045",0,0,0,89,15,5,0,51,0,40,105,17
"15047",0,0,0,0,1,0,0,2,0,0,0,0
"15049",0,0,0,0,0,0,0,0,0,0,3,0
"15051",0,0,0,1,10,2,0,9,0,7,3,0
"15053",0,0,0,0,0,2,0,4,0,1,5,3
"15055",0,0,0,10,11,4,0,24,1,15,19,1
"15057",1,0,0,0,18,6,0,19,0,14,28,2
"15059",0,0,0,8,8,4,0,16,0,22,31,0
"15061",0,0,0,3,5,6,0,23,0,24,18,3
"15063",1,0,0,0,0,0,0,1,0,2,2,0
"15065",0,0,0,0,0,0,0,0,0,1,2,0
"15067",0,0,0,1,0,0,0,0,0,4,6,0
"15069",0,0,0,0,0,0,0,0,0,2,2,1
"15071",0,0,0,0,0,0,0,0,0,0,1,0
"15073",0,0,0,0,1,0,0,1,0,2,3,0
"15075",0,0,0,0,0,1,0,0,0,0,0,0
"15077",0,0,0,0,2,1,0,2,0,0,1,0
"15079",0,0,0,1,10,0,0,22,0,23,12,1
"15081",0,0,0,0,0,0,0,1,0,0,0,0
"15083",0,0,0,0,0,0,0,0,0,0,1,0
"15085",0,0,0,0,1,2,0,5,0,8,5,0
"15087",0,0,0,1,0,4,0,6,0,7,5,0
"15091",0,0,0,7,23,13,0,68,2,49,148,14
"15093",0,0,0,0,1,3,0,2,0,4,2,0
"15095",0,0,0,1,1,0,0,4,0,5,11,1
"15097",0,0,0,1,0,0,0,0,0,0,1,0
"15099",0,0,0,5,3,2,0,11,0,11,22,2
"15101",0,0,0,0,0,0,0,0,0,1,0,0
"15103",0,0,0,8,5,6,0,30,0,31,36,6
"15105",0,0,0,0,0,1,0,1,0,1,2,0
"15107",0,0,0,1,3,0,0,4,0,4,7,0
"15109",0,0,0,1,0,0,0,2,0,0,1,0
"15111",0,0,0,1,9,1,0,11,1,18,29,3
"15113",0,0,0,0,8,1,0,16,0,12,24,4
"15115",0,1,0,1,0,0,0,2,0,0,10,2
"15117",0,0,0,0,0,0,0,2,0,1,1,0
"15119",0,0,0,1,0,0,0,1,0,2,2,0
"15121",0,0,0,4,10,1,0,13,0,8,22,2
"15123",0,0,0,0,0,0,0,5,0,3,3,0
"15125",0,0,0,7,8,2,0,18,0,32,40,1
"15127",0,0,0,0,0,0,0,1,0,0,4,0
"15129",0,0,0,0,0,1,0,2,0,1,1,0
"15131",0,0,0,0,1,0,0,5,1,1,8,2
"15133",0,0,0,1,8,0,0,25,0,17,11,2
"15135",0,0,0,0,1,0,0,0,0,1,1,0
"15137",0,0,0,0,1,0,0,6,0,1,3,0
"15139",1,0,0,6,2,1,0,7,0,9,12,1
"15141",0,0,0,0,0,0,0,0,0,0,2,0
"15143",0,0,0,3,2,0,0,2,0,3,4,0
"15145",0,0,0,0,0,1,0,5,0,10,10,1
"15147",0,0,0,0,0,0,0,1,0,1,1,0
"15149",0,0,0,3,2,3,0,12,0,4,13,1
"15151",0,0,0,1,3,1,0,3,0,11,9,0
"15153",0,0,0,0,0,0,0,1,0,0,3,0
"15155",0,1,0,22,19,9,0,36,0,31,70,16
"15157",0,0,0,0,0,0,0,1,0,0,0,0
"15159",0,0,0,0,0,2,0,3,0,3,5,0
"15161",0,0,0,2,10,3,0,15,0,8,24,0
"15163",0,0,0,0,0,0,0,0,0,1,0,0
"15165",0,0,0,0,2,0,0,1,0,1,2,0
"15167",0,0,0,0,2,2,0,13,0,5,9,1
"15169",2,0,0,11,26,6,0,53,0,19,121,5
"15171",1,0,0,1,1,0,0,4,0,1,3,0
"15173",4,0,0,55,120,26,0,480,22,750,577,139
"15175",0,0,0,4,6,1,0,5,1,11,5,5
"15177",0,0,0,0,5,2,0,9,0,4,19,4
"15179",0,0,0,0,2,1,0,0,0,0,0,0
"15181",0,0,0,0,1,0,0,1,0,2,3,0
"15183",0,0,0,0,0,1,0,0,0,0,1,0
"15185",0,0,0,0,0,0,0,2,0,1,2,0
"15187",0,0,0,0,1,0,0,0,0,0,0,0
"15189",0,0,0,0,0,0,0,0,0,2,1,0
"15191",1,0,0,2,9,2,0,16,0,8,15,2
"15193",0,0,0,0,3,3,0,8,0,4,3,0
"15195",0,0,0,0,2,1,0,4,0,0,0,0
"15197",0,0,0,0,1,2,0,0,0,1,4,0
"15199",0,0,0,0,2,0,0,0,0,0,0,0
"15201",0,0,0,0,1,0,0,1,0,0,2,0
"15203",0,0,0,1,0,0,0,0,0,1,1,0
"15205",0,0,0,1,1,1,0,5,0,3,5,1
"15207",0,0,0,0,0,1,0,2,0,3,1,1
"15209",0,0,0,5,1,1,0,6,0,9,6,0
"16 NA",8,6,0,14,394,271,0,1172,0,123,466,91
"16001",0,0,0,0,1,0,0,1,0,0,2,1
"16003",0,0,0,0,7,0,0,2,0,0,2,1
"16005",0,0,0,0,5,1,0,5,0,0,12,1
"16007",0,0,0,3,1,3,0,5,0,0,12,8
"16009",0,0,0,0,3,3,0,40,0,4,80,3
"16011",0,0,0,0,1,0,0,1,0,0,0,0
"16013",0,0,0,3,1,5,0,4,1,1,14,1
"16015",0,0,0,5,24,14,0,86,2,10,48,17
"16017",0,0,0,0,0,0,0,3,1,0,7,3
"16019",0,1,0,1,5,6,0,16,0,5,33,7
"16021",0,0,0,0,4,2,0,14,0,5,22,3
"16023",0,0,0,0,0,0,0,4,0,1,3,1
"16025",0,0,0,0,1,0,0,0,0,0,0,1
"16027",1,0,0,0,1,0,0,3,0,0,0,0
"16029",1,0,0,1,14,13,0,32,0,12,30,14
"16031",0,0,0,1,0,1,0,2,0,1,1,1
"16033",0,0,0,1,6,3,0,5,0,3,13,2
"16035",0,0,0,1,3,1,0,12,0,3,27,5
"16037",0,0,0,2,20,6,0,48,3,3,104,11
"16039",0,0,0,0,0,0,0,0,0,1,1,1
"16041",0,0,0,0,1,0,0,1,0,0,10,1
"16043",0,0,0,0,2,1,0,4,0,2,2,0
"16045",0,0,0,0,0,0,0,0,0,0,1,0
"16047",0,0,0,3,18,10,0,44,0,8,51,23
"16049",0,0,0,0,4,2,0,11,0,4,5,12
"16055",0,0,0,1,1,0,0,2,0,0,1,1
"16057",0,0,0,1,0,0,0,0,0,0,0,1
"16059",0,0,0,1,31,22,0,112,4,8,118,4
"16061",0,0,0,1,1,0,0,1,0,0,0,2
"16065",0,0,0,0,1,0,0,0,0,0,0,0
"16067",0,1,0,7,29,18,0,81,3,11,141,27
"16069",0,0,0,0,0,0,0,1,0,1,7,0
"16071",0,0,0,1,0,0,0,2,0,1,6,0
"16073",0,0,0,3,7,2,0,18,0,5,36,7
"16075",0,0,0,0,1,1,0,3,1,0,1,2
"16077",0,0,0,0,0,0,0,1,0,0,0,0
"16079",0,0,0,0,0,0,0,3,0,1,2,2
"16081",0,0,0,1,0,1,0,1,0,0,9,2
"16083",0,0,0,5,4,6,0,22,0,1,30,19
"16085",0,0,0,0,2,1,0,11,0,4,5,0
"16087",0,0,0,1,1,0,0,3,0,1,4,2
"16089",0,0,0,0,2,1,0,3,0,1,11,3
"16091",0,0,0,0,0,1,0,5,0,0,2,1
"16093",0,0,0,1,20,11,0,40,0,9,73,27
"16095",0,0,0,3,4,0,0,3,0,3,0,0
"16097",0,0,0,2,0,0,0,5,0,0,24,3
"16099",0,0,0,1,1,0,0,2,0,0,1,0
"16101",1,0,0,3,14,6,0,22,2,3,37,5
"16103",0,0,0,0,0,0,0,1,0,0,2,1
"16105",0,0,0,0,0,2,0,0,0,0,1,1
"16107",1,0,0,2,21,7,0,26,0,4,29,11
"16109",0,0,0,1,0,0,0,0,0,0,0,0
"16111",2,1,0,1,10,3,0,14,3,2,24,8
"16113",0,0,0,2,8,6,0,25,0,6,56,10
"16115",0,2,0,0,1,0,0,0,0,2,4,0
"16117",0,0,0,10,42,27,0,104,7,27,184,32
"16121",0,0,0,2,1,1,0,0,0,5,1,2
"16123",0,0,0,0,1,0,0,1,0,0,4,3
"16125",0,0,0,0,4,6,0,8,0,3,9,4
"16127",0,0,0,0,1,0,0,1,0,0,4,0
"16129",0,0,0,0,0,0,0,0,0,0,0,1
"16133",0,0,0,0,0,1,0,1,0,1,0,1
"16135",0,0,0,0,0,0,0,1,0,0,2,2
"16137",0,0,0,0,0,0,0,1,0,0,2,4
"16139",0,0,0,0,3,1,0,1,0,2,3,2
"16141",0,0,0,0,4,5,0,17,0,1,25,3
"16143",0,0,0,0,0,0,0,0,0,0,3,0
"16145",1,0,0,3,20,14,0,55,1,4,124,21
"16147",0,0,0,0,0,0,0,0,0,0,0,1
"16149",0,0,0,0,0,0,0,1,0,0,0,0
"16151",0,0,0,3,5,15,0,48,1,11,78,10
"16153",0,0,0,0,1,0,0,1,0,0,0,1
"16155",0,0,0,0,2,2,0,5,0,2,6,0
"16157",0,0,0,0,7,7,0,12,0,5,24,10
"16161",0,0,0,1,5,3,0,9,0,2,21,3
"16163",0,0,0,0,0,0,0,0,0,0,0,3
"16167",0,0,0,0,3,3,0,12,0,1,18,4
"16169",0,0,0,0,0,0,0,1,0,0,1,2
"16173",0,0,0,3,6,0,0,4,0,4,22,6
"16175",0,0,0,0,1,0,0,1,0,1,8,0
"16177",1,0,0,0,4,1,0,6,0,2,4,1
"16179",0,0,0,0,6,15,0,28,0,3,17,0
"16181",0,0,0,0,0,0,0,0,0,0,1,1
"16183",0,0,0,2,4,2,0,12,0,1,15,9
"16185",0,0,0,1,9,4,0,14,1,2,11,6
"16187",0,0,0,0,0,0,0,1,0,0,1,2
"16191",0,0,0,0,0,0,0,0,0,0,7,0
"16193",0,0,0,0,1,1,0,2,0,1,4,5
"16195",0,0,0,0,0,1,0,2,0,0,4,0
"16197",0,0,0,0,1,0,0,0,0,0,1,0
"16199",0,0,0,0,7,2,0,28,0,5,14,5
"16203",0,0,0,0,1,0,0,3,0,0,0,0
"16205",0,0,0,0,3,1,0,7,0,0,11,7
"16207",0,0,0,0,0,1,0,1,0,0,4,6
"16209",0,0,0,0,0,0,2,3,0,1,6,1
"16211",0,0,0,2,3,0,0,17,1,2,16,4
"16213",0,0,0,0,6,4,0,14,0,0,7,3
"16215",0,0,0,0,0,0,0,0,0,0,1,1
"16217",1,0,0,0,7,4,0,16,0,4,33,5
"16219",0,0,0,0,1,0,0,4,0,1,2,3
"16221",0,0,0,0,0,2,0,1,1,2,6,5
"16225",0,0,0,0,2,1,0,1,0,1,14,3
"16227",0,0,0,5,18,13,0,57,0,7,53,38
"16229",0,0,0,0,0,0,0,4,0,0,0,0
"16231",1,0,0,3,0,0,0,5,0,1,0,0
"16233",0,0,0,0,0,1,0,1,0,0,3,8
"16235",0,0,0,1,0,0,0,1,0,3,8,2
"16239",0,0,0,1,6,3,0,21,0,1,26,11
"17005",0,0,0,2,13,4,0,21,0,16,84,5
"17015",0,0,0,3,15,5,1,25,5,79,110,13
"17017",0,0,0,0,2,1,0,24,0,15,95,5
"17019",0,0,0,1,18,2,0,38,0,18,92,2
"17023",0,0,0,1,0,0,0,1,0,0,12,2
"17033",0,0,0,0,1,1,0,3,0,0,18,1
"17039",0,0,0,0,1,2,0,10,0,4,45,6
"17045",0,0,0,0,2,1,0,8,1,9,55,5
"17047",0,0,0,0,1,1,0,2,0,1,12,0
"17053",0,0,0,1,5,0,0,13,0,8,22,1
"17059",0,0,0,0,1,1,0,0,0,0,2,0
"17065",0,0,0,1,0,1,0,2,1,9,9,3
"17067",0,0,0,0,0,0,0,1,0,3,13,0
"17073",0,0,0,0,0,0,0,1,0,1,0,0
"17075",0,0,0,0,1,0,0,0,0,0,6,0
"17079",0,0,0,0,17,3,0,38,0,15,99,6
"17093",0,0,0,0,4,2,0,8,0,15,31,4
"17107",0,0,0,0,0,0,0,0,0,1,1,0
"17121",0,0,0,0,0,0,0,1,0,0,6,0
"17125",1,0,0,0,5,0,0,4,0,0,6,0
"18001",0,0,0,0,8,5,2,51,1,4,87,10
"18005",0,0,0,2,3,3,0,7,0,4,28,4
"18007",0,0,0,0,0,1,0,0,0,0,0,0
"18009",0,0,0,0,0,0,0,1,0,0,0,0
"18011",0,0,0,0,26,7,1,38,2,9,114,14
"18025",0,0,0,0,3,0,0,4,0,0,20,2
"18031",0,0,0,0,3,4,0,9,2,6,70,30
"20001",0,0,0,6,30,6,1,34,1,41,141,14
"20003",0,0,0,4,26,10,0,16,0,32,108,9
"20005",1,0,0,22,72,20,1,112,29,120,314,93
"20007",0,0,0,0,1,0,0,0,1,0,4,0
"20009",0,0,0,4,46,3,2,66,6,124,259,56
"20011",0,0,0,2,7,6,0,12,1,13,32,4
"20013",0,1,0,37,130,28,0,129,20,95,544,135
"20015",0,0,0,2,10,1,0,9,0,20,82,14
"20017",3,0,0,17,66,20,4,98,29,150,430,80
"20019",0,0,0,0,0,0,0,0,0,1,2,0
"20021",1,0,0,6,20,6,2,44,7,62,173,30
"20023",0,0,0,12,40,11,1,25,16,97,260,43
"20025",0,0,0,3,24,6,0,27,7,34,76,19
"20027",2,0,0,26,76,27,1,83,9,190,493,85
"21 NA",0,0,0,0,0,0,0,3,0,0,2,0
"21001",0,0,0,1,4,0,0,6,0,0,5,0
"21003",0,0,0,1,5,1,0,3,0,1,3,0
"21005",0,0,0,10,52,12,8,89,0,9,152,12
"21007",1,0,0,1,12,3,2,12,0,2,44,3
"21009",0,0,0,0,12,3,2,10,0,0,26,4
"21011",0,0,0,1,8,3,4,10,0,1,22,1
"21013",0,0,0,1,1,1,0,2,0,0,1,0
"21015",0,1,0,5,28,6,2,23,0,2,75,1
"21017",0,0,0,7,81,25,10,72,4,20,142,15
"21019",0,0,0,1,2,1,2,9,0,2,14,0
"21021",2,0,0,10,79,32,12,98,1,30,246,26
"21023",1,0,0,1,36,8,3,27,0,7,64,0
"21025",1,0,0,12,64,41,24,113,6,44,207,10
"21027",0,0,0,3,28,7,2,41,1,1,44,6
"21029",0,0,0,1,29,8,1,23,0,1,28,5
"21031",0,0,0,4,14,6,4,15,0,3,20,1
"21033",0,0,0,1,9,6,1,19,0,4,25,6
"21035",0,0,0,2,13,5,1,11,0,1,8,0
"21037",1,0,0,0,15,5,0,9,0,4,24,1
"21039",0,0,0,2,7,4,0,14,0,4,10,1
"21041",0,0,0,3,18,2,3,17,0,2,62,17
"21043",0,0,0,1,6,3,1,6,0,1,5,0
"21045",0,0,0,3,40,23,5,40,0,7,83,2
"21047",0,0,0,1,13,3,1,16,0,1,23,4
"21049",5,3,0,97,183,52,32,228,9,100,421,32
"21051",0,0,0,0,10,3,3,21,0,4,24,1
"21053",0,0,0,0,5,0,0,6,0,0,3,0
"21055",0,0,0,2,28,16,1,28,0,7,66,7
"21057",0,0,0,1,16,17,2,21,0,2,53,3
"21059",1,0,0,5,31,3,2,27,0,2,59,5
"21061",0,0,0,2,13,2,0,10,0,0,19,5
"21063",1,0,0,0,10,3,0,17,0,3,29,3
"21065",3,1,0,23,82,35,15,89,6,61,249,8
"21067",0,0,0,3,42,13,6,39,1,7,73,4
"21069",0,0,0,2,30,1,5,23,0,1,35,2
"21071",0,0,0,0,8,0,0,7,0,1,6,0
"21073",0,1,0,5,31,8,3,45,0,5,65,1
"21075",1,0,0,9,70,19,17,82,2,36,169,7
"21077",1,4,0,24,115,27,19,149,4,36,285,7
"21079",0,0,0,3,15,2,1,8,0,4,17,1
"21081",1,0,0,31,164,73,43,283,4,123,934,54
"21083",0,0,0,0,0,0,0,0,0,1,0,1
"21085",0,0,0,0,15,4,2,12,0,2,13,0
"21087",0,0,0,0,44,12,7,29,0,6,55,12
"21089",0,0,0,1,3,0,1,4,0,0,9,1
"21091",0,0,0,9,59,14,10,53,1,7,106,8
"21093",0,0,0,9,34,16,11,40,0,8,76,11
"21095",0,0,0,0,6,2,0,7,0,1,7,0
"21097",0,0,0,1,3,1,0,5,0,0,11,3
"21099",2,0,0,54,255,69,27,299,29,153,606,110
"21101",0,0,0,2,14,5,0,13,0,1,50,1
"21103",0,0,0,5,33,7,0,28,0,1,59,3
"21105",0,0,0,5,20,8,7,17,0,3,48,3
"21107",1,0,0,2,22,10,4,33,0,18,24,2
"21109",0,0,0,1,7,1,0,23,0,0,29,1
"21111",0,0,0,0,36,6,2,24,0,2,57,0
"21113",1,0,0,0,6,2,1,16,0,2,10,2
"21115",0,0,0,5,67,14,11,57,2,17,245,24
"21117",1,1,0,3,38,13,6,60,0,3,113,4
"21119",0,0,0,1,3,3,0,3,0,1,2,0
"21121",0,1,0,4,73,13,10,95,2,18,184,20
"21123",0,0,0,1,46,10,8,47,0,5,94,14
"21125",4,1,0,49,278,79,41,265,78,128,654,115
"21127",0,0,0,5,23,10,1,23,0,6,42,8
"21129",0,0,0,2,12,5,0,17,0,1,26,3
"21131",0,0,0,0,2,4,0,0,0,0,7,0
"21133",0,0,0,4,20,4,7,25,0,6,43,3
"21135",0,0,0,0,3,0,2,6,0,3,9,2
"21137",0,0,0,2,21,3,1,16,0,1,28,2
"21139",0,0,0,10,109,48,24,166,0,30,362,43
"21141",1,1,0,2,8,1,1,4,0,1,9,0
"21143",0,0,0,1,27,8,4,12,0,2,43,6
"21145",0,0,0,31,105,37,12,132,21,75,281,40
"21147",0,0,0,6,36,13,11,69,0,25,132,41
"21149",0,0,0,6,45,19,10,45,0,13,69,1
"21151",1,0,0,3,38,8,1,19,0,2,54,8
"21153",0,0,0,2,6,1,0,4,0,4,11,2
"21155",0,0,0,18,48,10,8,52,0,11,122,1
"21157",0,1,0,4,24,18,8,43,0,6,91,11
"21159",0,0,0,10,77,12,11,47,0,12,107,5
"21161",2,0,0,20,136,35,9,108,7,43,198,20
"21163",14,2,1,217,583,209,77,555,200,672,2033,186
"21165",0,0,0,2,33,8,7,34,0,14,48,8
"23047",0,0,0,2,12,1,0,30,1,2,134,3
"23049",0,0,0,0,0,0,0,0,0,1,2,0
"24047",0,0,0,1,3,0,0,7,0,4,28,0
"24095",3,1,0,11,55,124,2,121,23,149,407,7
"24097",0,0,0,2,0,0,0,2,0,0,16,0
"24099",0,0,0,0,0,1,0,0,0,0,0,0
"24105",0,0,0,1,1,0,0,17,0,7,6,0
"24117",0,0,0,3,2,1,0,8,0,0,7,0
"24183",0,0,0,11,2,2,0,16,0,14,37,1
"24186",0,0,0,0,2,1,0,0,0,1,5,1
"25001",0,0,0,1,0,1,0,2,0,4,6,0
"25003",0,0,0,0,0,0,0,3,0,5,5,0
"25005",0,0,0,1,0,0,0,1,0,4,1,0
"25007",0,0,0,0,4,0,0,4,0,5,2,0
"25009",0,0,0,1,1,0,0,5,0,6,4,0
"25013",3,0,0,0,14,1,0,12,0,56,51,0
"25015",0,0,0,0,1,0,0,1,0,1,0,0
"25017",0,0,0,0,2,0,0,5,0,6,5,0
"25021",0,0,0,0,4,0,0,2,0,0,8,0
"25023",0,0,0,0,5,0,0,6,0,3,9,1
"25025",0,0,0,0,1,0,0,0,0,0,1,0
"25027",0,0,0,1,5,0,0,13,0,8,8,0
"25029",0,0,0,2,28,0,1,41,0,47,33,4
"25031",0,0,0,1,27,3,0,35,0,63,32,0
"25035",0,0,0,1,0,0,0,7,0,3,5,0
"25039",0,0,0,0,0,0,1,3,0,0,0,0
"25041",0,0,0,1,4,1,0,25,0,13,8,1
"25043",0,0,0,1,0,0,0,7,0,4,9,0
"25045",0,0,0,0,0,0,0,0,0,0,1,0
"25047",0,0,0,1,6,3,0,22,0,29,17,3
"25049",0,0,0,2,12,4,0,72,0,73,46,1
"25053",0,0,0,0,1,0,0,4,0,7,12,0
"25055",1,0,0,0,0,0,0,0,0,0,0,0
"25057",0,0,0,0,0,0,0,3,0,1,5,0
"25059",0,0,0,0,0,0,0,1,0,0,0,0
"25061",0,0,0,0,0,0,0,0,0,1,0,0
"25063",0,0,0,7,17,1,1,73,1,66,62,4
"25065",0,0,0,0,5,0,0,0,0,3,6,1
"25067",0,0,0,2,3,0,0,14,0,14,13,0
"25071",0,0,0,0,0,0,0,2,0,0,2,0
"25073",0,0,0,0,1,0,0,3,0,3,5,1
"25077",0,0,0,0,1,5,0,8,0,3,5,0
"25081",0,0,0,0,12,1,0,28,0,32,12,0
"25083",0,0,0,0,0,0,0,2,0,1,11,0
"25085",0,0,0,0,2,0,0,2,0,5,13,0
"25087",0,0,0,0,0,0,0,2,0,7,2,0
"25089",0,0,0,2,4,0,0,3,0,2,6,0
"25091",0,0,0,0,0,0,0,4,0,4,1,0
"25093",0,0,0,0,5,0,0,12,0,15,25,0
"25095",0,0,0,0,3,0,1,7,0,6,8,2
"25097",0,0,0,0,0,0,0,4,0,1,4,0
"25099",0,0,0,0,0,0,0,1,0,1,2,0
"25101",0,0,0,0,0,0,0,4,0,9,7,0
"25105",0,0,0,0,2,0,0,3,0,3,6,0
"25111",0,0,0,16,7,4,0,93,0,70,91,0
"26001",0,0,0,0,13,6,4,21,0,0,40,4
"26019",0,0,0,0,3,3,3,28,0,1,20,1
"26023",0,0,0,0,1,0,0,0,0,0,1,0
"26025",0,0,0,2,6,0,2,10,0,0,18,4
"26031",0,0,0,1,0,0,0,0,0,0,4,1
"26033",0,0,0,0,0,0,0,0,0,0,2,0
"26041",0,0,0,0,6,3,0,5,0,1,6,1
"26045",0,0,0,0,1,0,0,3,0,0,6,2
"26047",1,0,0,0,9,2,5,17,0,0,18,3
"26051",0,0,0,0,2,0,0,2,0,0,2,0
"26053",0,0,0,0,14,3,2,36,0,5,58,3
"26055",0,0,0,1,0,0,7,2,1,0,4,1
"26067",0,0,0,0,11,1,10,16,0,1,13,0
"26073",0,0,0,0,0,0,1,1,0,0,0,0
"26079",0,0,0,0,4,0,0,2,0,3,11,0
"26081",0,0,0,1,4,1,0,4,0,0,4,1
"26093",0,0,0,0,0,0,0,0,0,0,1,0
"26095",0,0,0,0,0,0,0,3,0,0,3,0
"26097",0,0,0,0,1,0,1,0,0,0,2,2
"26099",0,0,0,0,2,0,0,1,0,0,3,1
"26101",0,0,0,0,0,0,0,3,0,0,10,2
"26111",0,0,0,1,5,3,0,39,0,4,81,10
"26119",0,0,0,1,12,1,0,30,0,1,22,0
"26121",0,0,0,0,0,1,0,4,0,0,3,0
"26125",0,0,0,1,0,0,0,1,0,0,1,0
"26127",0,0,0,0,2,0,0,2,0,0,6,1
"26131",0,0,0,0,1,0,0,11,1,0,11,0
"26135",0,0,0,0,1,0,0,0,0,0,2,0
"26137",0,0,0,0,1,0,0,9,0,0,30,2
"26141",0,0,0,1,5,0,0,10,0,1,11,1
"26143",0,0,0,0,0,0,0,1,0,1,2,0
"26145",1,0,0,0,0,0,0,2,0,1,1,2
"26151",0,0,0,0,0,0,1,6,0,0,2,0
"26153",0,0,0,7,9,2,0,128,0,9,113,9
"26155",0,0,0,0,2,0,0,2,0,0,3,0
"26157",0,0,0,0,3,0,0,1,0,0,8,0
"26159",0,0,0,0,1,0,1,4,0,0,5,0
"26161",0,0,0,0,0,0,0,2,0,0,2,0
"26177",0,0,0,0,0,0,0,5,0,0,15,1
"26185",1,0,0,0,0,0,0,3,0,0,1,1
"28001",0,0,0,4,18,2,2,42,1,15,95,23
"28003",0,0,0,3,7,1,5,20,0,7,50,20
"28005",0,0,0,3,10,4,3,45,0,11,64,13
"28007",0,0,0,0,4,2,1,25,0,3,42,5
"28009",0,0,0,4,10,2,3,60,0,17,88,10
"28011",1,2,0,15,49,14,11,184,12,80,305,97
"28013",0,0,0,2,17,10,19,61,0,24,136,25
"28015",1,0,0,6,27,7,5,56,0,37,247,62
"28017",0,0,0,8,16,3,8,53,0,35,112,29
"28019",0,0,0,0,8,0,0,35,0,11,64,11
"33003",0,0,0,0,1,0,0,5,0,1,4,2
"33005",0,0,0,0,1,0,0,1,0,0,0,0
"33009",0,0,0,0,0,0,0,0,0,0,1,0
"33013",0,0,0,0,0,0,0,0,0,1,1,1
"33015",0,0,0,2,10,4,0,35,0,32,102,8
"33017",0,0,0,5,45,4,1,25,0,46,157,8
"33021",0,0,0,0,0,0,0,2,0,0,1,0
"33023",0,0,0,0,0,0,0,0,0,0,1,1
"33025",0,0,0,0,1,0,0,0,0,0,0,0
"33035",0,0,0,1,12,2,0,20,0,9,80,5
"33037",0,0,0,0,0,0,0,1,0,0,0,0
"33039",0,0,0,0,0,0,0,0,0,0,2,0
"33041",0,0,0,0,0,1,0,0,0,0,3,1
"33043",0,0,0,0,0,0,0,0,0,0,1,0
"33049",0,0,0,1,0,0,0,2,0,0,2,0
"33053",0,0,0,0,0,0,0,0,0,1,1,1
"33055",0,0,0,0,1,0,0,4,0,0,2,2
"33057",0,0,0,0,1,0,0,2,0,0,3,0
"33059",0,0,0,0,10,4,2,12,0,14,152,1
"33061",0,0,0,0,0,0,0,0,0,1,1,0
"33063",0,0,0,1,0,0,0,0,0,0,1,0
"33067",0,0,0,0,0,0,0,1,0,0,3,0
"33069",0,0,0,0,0,0,0,0,0,0,1,0
"33071",0,0,0,0,1,0,0,5,0,3,21,0
"33073",1,0,0,0,2,1,0,1,0,0,0,0
"33075",0,0,0,0,1,0,1,1,0,0,0,0
"33077",0,0,0,2,1,1,0,7,0,1,11,1
"33079",0,0,0,0,0,0,1,2,0,1,5,0
"33081",0,0,0,1,0,0,0,0,0,0,0,1
"33083",0,0,0,0,0,0,0,0,0,1,5,1
"33089",0,0,0,0,0,0,0,0,0,3,15,2
"33093",0,0,0,0,13,1,0,3,0,2,23,2
"33095",0,0,0,0,0,0,0,0,0,0,1,0
"33097",0,0,0,0,0,0,0,1,0,1,2,0
"33099",0,0,0,0,2,0,0,4,0,2,12,6
"33101",0,0,0,0,8,2,0,27,1,7,68,3
"33103",0,0,0,0,0,0,1,0,0,0,5,0
"33105",0,0,0,0,9,1,0,10,0,5,12,3
"34 NA",0,0,0,0,2,0,0,3,0,15,10,15
"34001",0,0,0,0,0,1,0,4,0,1,11,13
"34003",0,0,0,0,2,0,0,0,0,1,9,12
"34005",0,0,0,0,9,2,0,27,0,4,44,84
"34007",0,0,0,0,2,0,0,7,0,4,14,15
"34009",1,0,0,2,3,4,0,24,0,2,17,78
"34011",0,0,0,0,1,1,0,7,0,2,21,11
"34013",1,0,0,1,3,1,0,7,0,3,25,61
"34015",0,0,0,0,4,0,0,5,0,0,1,60
"34017",0,0,0,0,3,2,0,16,0,20,37,68
"34019",0,0,0,0,2,0,0,1,0,4,2,7
"34021",0,0,0,1,1,0,0,13,0,4,50,58
"34023",0,0,0,0,1,1,0,7,0,0,11,127
"34025",0,0,0,4,9,0,0,27,0,1,44,207
"34027",0,0,0,1,2,1,0,17,0,1,39,38
"34029",0,0,0,0,1,1,0,10,1,0,20,30
"34031",0,0,0,0,1,1,0,18,0,0,25,33
"34033",0,0,0,0,4,3,0,16,0,2,17,48
"34035",6,0,0,75,64,32,0,235,73,109,1437,555
"34037",0,0,0,0,0,0,0,11,0,2,16,25
"34039",0,0,0,1,5,2,0,9,0,1,6,88
"34041",0,0,0,0,0,0,0,0,0,2,19,28
"34043",0,0,0,0,1,0,0,4,0,17,73,43
"34045",0,0,0,4,19,6,0,66,2,3,185,227
"34047",0,0,0,2,3,1,0,17,0,1,45,79
"34049",7,1,0,213,142,75,0,1042,190,78,4161,1490
"34051",0,0,0,0,4,1,0,13,0,3,28,38
"34053",1,0,0,0,3,0,0,8,0,2,36,59
"34055",0,0,0,0,0,0,0,0,0,0,6,11
"34057",0,0,0,5,7,4,0,38,0,2,96,161
"34059",0,0,0,1,1,0,0,7,0,0,0,22
"34061",6,0,0,21,61,10,0,94,85,52,555,373
"34063",0,0,0,1,5,4,0,19,1,8,70,60
"34065",0,0,0,0,5,1,0,13,0,1,3,37
"34067",0,0,0,0,2,0,0,5,0,0,0,27
"34069",0,0,0,1,4,1,0,16,0,3,18,57
"34071",0,0,0,1,0,0,0,4,0,0,3,31
"34073",0,0,0,3,1,1,0,5,0,0,5,41
"34075",0,0,0,0,6,0,0,18,0,2,43,24
"34077",0,0,0,0,1,0,0,9,0,1,6,30
"34079",0,0,0,0,1,0,0,3,0,0,9,12
"34081",0,0,0,0,2,0,0,7,0,2,25,36
"34083",0,0,0,0,0,1,0,5,0,0,3,32
"34085",0,0,0,0,0,1,0,0,0,2,1,1
"34087",0,0,0,1,4,2,0,8,0,7,33,21
"34089",0,0,0,13,14,3,0,37,4,3,72,190
"34091",0,0,0,0,2,1,0,18,0,3,30,31
"34093",1,0,0,6,12,8,0,56,1,6,247,100
"34095",0,0,0,2,5,1,0,12,0,5,82,75
"34097",0,0,0,2,2,1,0,13,0,7,37,72
"34099",2,0,0,9,19,3,0,54,4,30,198,247
"34101",0,0,0,0,3,0,0,11,0,1,46,103
"34103",0,0,0,1,3,0,0,6,0,8,17,50
"34105",0,0,0,0,2,0,0,8,0,1,5,17
"34107",0,0,0,0,3,0,0,18,0,4,43,52
"34109",1,0,0,2,8,5,0,28,2,0,170,202
"34111",0,0,0,1,4,0,0,10,0,0,5,12
"34113",1,0,0,24,55,25,0,120,43,53,583,369
"34115",0,0,0,0,1,0,0,3,0,0,4,3
"34117",0,1,0,1,2,2,0,6,0,6,8,26
"34119",1,0,0,2,3,4,0,13,1,8,73,31
"34121",0,0,0,0,0,0,0,0,0,0,1,0
"34123",0,0,0,0,1,0,0,6,0,0,12,16
"34125",0,0,0,1,3,1,0,6,0,4,22,24
"34127",0,0,0,0,0,0,0,5,0,1,5,17
"34129",0,0,0,6,5,2,0,21,0,4,77,65
"34131",0,0,0,0,1,2,0,7,0,2,14,28
"34133",0,0,0,0,6,0,0,7,0,0,14,35
"34135",0,0,0,0,2,1,0,13,0,1,20,35
"34137",0,0,0,0,5,1,0,10,0,0,10,16
"34139",1,0,0,5,6,5,0,43,2,6,400,105
"34141",1,0,0,1,5,3,0,30,0,13,100,66
"34145",1,0,0,1,3,5,0,25,0,1,58,88
"34147",0,0,0,1,2,1,0,9,1,2,20,26
"34149",0,0,0,2,9,2,0,31,0,3,83,77
"34151",0,0,0,6,12,9,0,51,1,13,166,193
"34153",4,0,0,45,40,8,0,134,34,80,416,486
"34155",0,0,0,5,14,3,0,46,2,20,186,150
"34157",0,0,0,2,2,2,0,14,0,1,13,74
"34159",0,0,0,0,2,0,0,16,0,1,30,38
"34161",0,0,0,0,0,0,0,11,0,8,60,133
"34163",0,0,0,0,0,0,0,2,0,0,6,3
"34165",0,0,0,2,5,3,0,51,1,10,78,66
"34167",0,0,0,0,1,3,0,14,0,1,15,21
"34169",1,0,0,0,13,1,0,15,0,0,46,29
"34171",0,0,0,0,3,1,0,9,0,4,12,56
"34173",1,0,0,0,0,0,0,5,1,2,46,70
"34175",0,0,0,0,0,0,0,1,0,0,3,10
"35 NA",0,0,0,0,0,0,0,0,0,0,2,0
"35001",0,0,0,1,1,0,0,3,0,2,10,1
"35003",0,0,0,0,0,0,1,0,0,0,0,1
"35005",0,0,0,0,3,2,0,2,0,0,6,0
"35007",0,0,0,0,0,0,0,1,0,2,1,0
"35009",0,0,0,0,1,0,1,2,0,0,8,0
"35011",0,0,0,1,0,0,0,0,0,5,10,1
"35013",0,0,0,2,6,0,0,8,0,5,26,0
"35015",0,0,0,0,2,0,0,3,0,1,5,1
"35017",0,0,0,2,5,0,0,4,0,5,31,0
"35019",0,0,0,0,0,0,0,2,0,2,14,3
"35021",0,0,0,0,5,3,1,6,0,5,26,3
"35023",0,0,0,0,1,0,1,1,0,0,1,0
"35025",0,0,0,0,0,0,0,0,0,1,0,0
"35027",0,0,0,0,1,0,0,4,0,2,10,2
"35029",0,0,0,0,2,0,0,1,0,1,4,0
"35031",0,0,0,0,2,0,2,6,0,3,22,7
"35033",0,0,0,0,0,0,0,0,0,0,4,0
"35037",0,0,0,1,6,2,2,27,0,5,30,0
"35039",0,0,0,0,0,0,1,0,0,0,4,0
"35041",0,0,0,0,0,0,0,0,0,0,2,0
"35043",0,0,0,0,0,0,1,0,0,0,2,0
"35047",0,0,0,0,0,0,0,3,0,0,4,0
"35049",0,0,0,0,2,1,1,15,0,1,21,5
"35051",0,0,0,0,1,0,2,10,0,0,11,2
"35055",0,0,0,0,1,0,0,1,0,0,1,0
"35057",0,0,0,1,0,0,0,1,0,0,1,0
"35059",0,0,0,0,0,1,0,0,0,0,2,0
"35061",0,0,0,0,0,0,0,0,0,0,1,3
"35063",0,0,0,0,0,0,0,4,0,0,12,1
"35065",0,0,0,0,0,1,0,2,0,1,9,3
"35067",0,0,0,1,0,0,0,0,0,1,2,0
"35069",1,0,0,0,3,0,0,4,0,0,14,0
"35071",0,0,0,3,4,1,0,7,0,1,19,2
"35073",0,0,0,0,2,0,1,3,0,2,1,1
"35075",0,0,0,0,1,1,0,1,0,0,5,0
"35077",0,0,0,1,1,0,0,4,0,3,8,0
"35079",0,0,0,1,0,2,0,1,0,0,15,0
"35081",0,1,0,0,3,2,1,17,0,3,35,1
"35083",0,0,0,1,1,1,0,7,0,1,7,0
"35085",0,0,0,0,2,0,0,2,0,3,5,0
"35087",0,0,0,0,1,3,1,17,0,3,18,5
"35089",0,0,0,0,0,1,0,2,0,2,5,0
"35091",0,0,0,0,3,4,0,3,0,0,10,1
"35093",0,0,0,0,1,0,0,3,0,2,5,2
"35095",0,0,0,0,0,0,0,3,0,0,4,0
"35097",0,0,0,0,2,1,0,1,0,0,4,0
"35101",1,0,0,3,12,1,2,27,1,13,71,6
"35103",0,0,0,0,2,0,0,6,0,1,5,0
"35107",0,0,0,0,1,1,1,5,0,1,17,0
"35109",0,0,0,0,0,2,0,3,0,4,20,2
"35111",0,0,0,0,0,0,1,3,0,3,7,1
"35113",0,0,0,0,1,0,1,4,0,2,12,1
"35115",0,0,0,0,0,0,0,0,0,1,2,1
"35117",0,0,0,0,3,2,0,4,0,1,5,1
"35119",0,0,0,0,2,3,1,1,0,2,36,3
"35121",0,0,0,4,5,1,1,18,0,5,37,0
"35123",0,0,0,0,0,0,0,0,0,1,2,0
"35125",0,0,0,0,1,2,0,1,0,2,7,1
"35127",0,0,0,1,1,1,0,1,0,0,4,2
"35129",0,0,0,0,0,1,0,0,0,0,1,0
"35131",0,0,0,0,3,0,0,0,0,0,5,0
"35133",0,0,0,0,0,1,0,2,0,1,8,1
"35135",0,0,0,0,1,4,0,15,0,3,22,1
"35137",0,0,0,1,3,1,0,7,0,4,13,2
"35139",0,0,0,1,0,0,0,1,0,0,1,1
"35141",0,0,0,1,2,1,1,3,0,3,5,0
"35143",0,0,0,3,6,3,0,9,0,24,65,1
"35145",0,1,0,0,2,1,0,11,0,4,12,1
"35147",0,0,0,0,0,0,0,0,0,0,1,0
"35149",0,0,0,1,3,0,0,3,0,3,5,0
"35151",0,0,0,0,0,0,0,1,0,0,2,0
"35153",0,0,0,0,1,1,0,3,0,2,6,2
"36003",1,0,0,5,8,3,0,0,0,6,21,32
"36017",1,0,0,4,18,15,8,68,2,82,150,75
"36019",3,0,0,2,15,12,2,97,1,8,45,93
"36029",5,1,0,14,22,10,4,91,2,55,138,52
"36033",0,0,0,0,1,0,0,14,0,9,8,2
"36041",0,0,0,6,8,2,0,50,0,24,58,8
"36043",0,0,0,0,0,0,1,15,0,5,14,8
"36047",1,0,0,12,13,5,7,189,5,56,186,19
"36049",0,0,0,1,6,0,1,0,0,1,17,3
"36053",0,0,0,4,4,2,1,54,0,8,47,1
"36057",0,0,0,0,2,0,2,10,0,2,13,29
"36059",0,1,0,0,14,8,2,0,0,9,74,3
"36061",0,0,0,0,6,1,0,0,0,10,48,5
"36071",0,0,0,16,5,12,0,11,0,24,118,9
"38 NA",0,0,0,0,0,0,0,0,0,0,1,0
"38001",0,0,0,0,4,0,2,8,0,3,19,3
"38003",0,0,0,0,37,8,6,44,1,6,106,4
"38005",0,0,0,0,10,7,0,30,2,6,77,17
"38007",0,0,0,8,122,26,30,152,23,84,324,8
"38009",0,1,0,0,11,8,8,24,1,1,73,2
"38900",0,0,0,1,5,3,3,6,0,0,3,2
"39001",0,0,0,3,4,1,0,8,0,20,24,4
"39003",0,0,0,1,32,13,7,80,4,26,216,10
"39005",0,0,0,1,1,0,0,2,1,5,16,4
"39007",2,0,0,13,41,9,10,105,2,81,278,23
"39009",0,0,0,1,4,2,0,7,1,8,34,0
"39011",0,1,0,0,4,0,2,12,1,18,57,4
"39013",0,0,0,4,21,4,1,49,0,63,190,31
"39015",2,0,0,4,38,15,6,70,3,51,246,43
"39017",0,0,0,0,4,3,0,10,0,3,20,0
"39019",1,0,0,9,50,24,22,101,6,83,369,50
"39021",0,0,0,2,11,0,46,15,1,19,106,27
"39023",0,0,0,3,10,2,1,29,0,16,82,13
"39025",0,0,0,2,8,1,1,20,0,19,63,13
"39027",0,0,0,1,5,0,1,19,1,15,61,9
"39029",0,0,0,4,13,6,1,31,1,30,46,9
"39031",0,1,0,5,17,6,0,46,3,22,166,35
"39033",0,0,0,1,5,2,1,25,1,18,80,8
"39035",0,1,0,4,10,9,7,45,8,24,150,36
"39037",0,0,0,0,4,2,0,13,0,4,24,3
"39039",0,0,0,0,5,2,2,6,0,8,27,12
"39041",1,0,0,6,23,7,1,31,2,24,128,18
"39043",0,0,0,1,18,3,2,17,0,18,64,12
"39045",3,3,0,23,115,66,38,252,4,174,437,30
"39047",0,0,0,3,11,32,7,19,1,45,130,10
"39049",0,0,0,1,2,3,2,14,1,7,28,8
"39051",0,2,0,7,118,23,6,73,5,112,259,65
"39053",0,0,0,0,9,2,1,11,3,9,17,3
"39055",0,0,0,2,16,2,0,40,1,38,93,17
"39057",1,1,0,3,14,7,2,34,0,18,125,14
"39059",0,0,0,2,23,8,3,44,2,37,109,15
"39061",0,0,0,2,9,3,0,7,0,8,22,1
"39063",1,0,0,5,47,11,8,144,2,34,254,35
"39065",0,0,0,0,0,0,1,1,0,4,8,1
"39067",0,0,0,3,9,3,1,13,1,12,66,10
"39069",0,0,0,2,18,5,0,12,2,17,77,14
"39071",0,0,0,0,6,2,0,9,0,2,43,6
"39073",1,0,0,0,39,6,14,29,0,112,44,2
"39075",1,0,0,1,13,2,4,51,0,8,155,9
"39077",1,0,0,6,18,5,1,81,0,43,129,15
"39079",1,1,0,20,90,17,10,116,19,232,332,34
"39081",0,0,0,0,3,0,1,5,0,9,17,0
"39083",0,0,0,19,78,20,8,96,1,71,281,11
"39085",1,0,0,2,25,1,0,32,4,75,93,10
"39087",1,0,0,0,6,5,5,18,1,17,50,3
"39089",0,0,0,0,12,2,3,9,0,7,42,3
"39091",1,0,0,6,57,26,13,105,2,68,273,70
"40005",0,0,0,0,0,0,0,0,0,0,5,0
"40009",0,0,0,0,0,0,0,0,0,0,1,0
"40011",0,0,0,0,0,0,0,0,0,0,4,0
"40013",0,0,0,2,6,1,0,14,0,0,10,0
"40019",0,0,0,0,0,0,0,1,0,1,0,0
"40023",0,0,0,0,3,0,0,0,0,1,8,1
"40027",0,0,0,0,0,0,0,0,0,0,1,0
"40029",0,0,0,2,11,2,1,19,0,2,75,5
"40033",0,0,0,0,0,0,0,0,0,0,1,0
"40035",0,0,0,0,2,1,1,4,0,1,22,0
"40039",0,0,0,0,0,0,0,1,0,0,1,0
"40047",0,0,0,0,0,0,0,0,0,0,2,0
"40049",0,0,0,0,0,0,0,0,0,0,1,0
"40057",0,0,0,0,0,0,0,0,0,0,3,0
"40061",0,0,0,0,0,0,0,0,0,0,1,0
"40065",1,2,0,0,2,0,5,5,0,0,11,0
"40067",0,0,0,0,0,0,0,0,0,1,0,0
"40079",0,0,0,0,0,0,0,1,0,0,2,0
"40081",0,0,0,0,2,0,0,0,0,0,16,0
"40083",0,0,0,0,1,1,0,4,0,0,18,6
"40089",0,0,0,0,1,0,0,0,0,0,0,0
"40091",0,0,0,0,4,0,0,1,0,0,2,0
"40093",0,0,0,0,2,0,0,2,0,0,10,0
"40095",0,0,0,0,0,0,0,0,0,2,0,0
"40099",2,0,0,4,55,4,5,32,0,13,144,10
"40101",0,0,0,0,2,0,0,0,0,1,4,0
"40103",1,0,0,10,62,11,1,109,1,10,166,1
"40105",0,0,0,1,0,0,0,0,0,0,0,0
"40107",0,0,0,0,0,0,0,1,0,0,3,0
"40109",0,0,0,0,0,0,0,0,0,1,8,0
"40115",0,0,0,0,2,0,0,3,0,1,5,0
"40123",0,0,0,0,0,0,0,0,0,0,1,0
"40125",0,0,0,0,0,0,0,0,0,0,3,0
"40129",0,0,0,0,0,0,0,1,0,1,0,0
"40135",0,0,0,0,1,0,0,0,0,0,2,0
"41 NA",7,3,0,12,91,59,41,214,39,305,976,145
"41001",1,0,0,2,14,3,1,12,2,18,61,3
"41003",0,0,0,1,12,4,1,12,0,22,81,6
"41005",0,0,0,0,1,3,0,1,0,1,7,0
"41007",0,0,0,0,0,1,0,0,0,0,1,1
"41009",0,1,0,0,24,13,2,39,0,21,146,2
"41011",0,1,0,4,15,6,8,52,2,43,99,22
"41013",2,0,0,0,4,3,1,14,0,9,31,7
"41015",0,0,0,0,0,0,2,1,0,2,7,0
"41017",0,0,0,1,2,1,0,11,0,9,11,0
"41019",0,1,0,1,1,0,1,6,0,6,20,7
"41021",0,0,0,0,6,3,1,24,0,4,42,8
"41023",1,0,0,1,3,1,0,8,0,9,19,6
"41025",0,2,0,1,1,0,1,0,0,3,15,1
"41027",0,0,0,0,0,0,1,0,0,0,2,1
"41029",0,0,0,3,4,2,1,15,0,4,40,10
"41031",0,0,0,2,1,0,0,11,2,19,59,12
"41033",1,0,0,0,3,0,0,5,0,5,13,2
"41035",1,0,0,1,10,2,2,26,0,23,46,2
"41039",0,0,0,0,1,1,0,0,0,2,10,2
"41041",0,0,0,1,7,2,1,2,0,4,24,2
"41043",1,0,0,1,15,1,5,28,0,13,89,11
"41045",0,0,0,1,8,1,2,23,1,15,60,7
"41047",0,0,0,0,1,0,0,2,0,2,18,2
"41049",0,1,0,0,2,0,1,1,0,2,7,0
"41051",0,0,0,2,8,1,0,5,0,10,43,9
"41053",0,0,0,5,12,1,1,22,0,14,78,15
"41055",1,0,0,1,6,0,0,7,1,3,37,1
"41057",0,0,0,0,1,0,0,3,0,2,16,0
"41059",0,0,0,5,5,0,0,14,0,20,42,10
"41061",0,0,0,0,2,0,1,1,0,7,10,1
"41063",1,0,0,3,16,1,3,21,0,24,84,6
"41065",4,1,0,35,57,19,7,103,17,114,433,29
"41067",0,0,0,0,0,0,0,2,0,2,4,0
"41069",0,0,0,0,5,1,0,15,0,9,21,4
"41071",0,0,0,2,6,4,0,10,0,6,33,1
"41073",0,0,0,0,2,0,0,4,0,3,42,2
"41075",0,0,0,0,3,1,0,15,1,7,44,1
"41077",0,0,0,1,6,2,1,16,0,18,26,8
"41079",0,0,0,0,5,2,7,9,0,9,14,3
"41081",0,0,0,1,7,0,0,4,0,2,14,3
"41083",0,0,0,0,0,0,0,2,0,0,11,2
"41085",0,0,0,0,1,1,0,4,0,2,9,1
"41087",0,0,0,0,1,0,0,1,0,7,4,0
"41089",0,0,0,1,6,0,2,13,0,5,33,7
"41091",0,0,0,3,0,2,0,15,0,4,11,0
"41093",3,0,0,13,79,24,15,105,9,85,405,29
"41095",0,0,0,1,0,0,0,1,0,1,0,1
"41097",0,0,0,2,8,1,0,7,1,21,38,3
"41099",3,3,0,4,11,1,3,21,0,13,55,27
"41101",0,0,0,1,2,2,0,7,0,5,14,5
"41103",0,0,0,4,3,0,0,3,1,10,51,11
"41105",0,0,0,1,2,1,0,10,0,9,20,0
"41107",0,0,0,4,5,0,0,9,0,8,58,6
"41109",0,0,0,2,4,3,0,4,0,4,21,3
"41111",0,0,0,1,5,1,0,8,0,7,15,2
"41113",0,0,0,11,21,11,2,43,1,35,183,27
"41115",0,0,0,0,3,1,0,4,0,10,9,4
"41117",0,0,0,0,13,4,0,8,0,7,36,4
"41119",1,0,0,4,15,6,2,27,2,13,165,9
"41121",0,0,0,0,7,1,1,6,0,1,4,1
"41123",0,0,0,0,3,1,0,5,0,12,34,12
"41125",2,0,0,23,42,9,14,78,1,66,214,22
"41127",0,0,0,1,1,0,0,0,0,0,14,2
"41129",0,0,0,1,1,1,1,1,0,1,6,1
"41131",0,0,0,2,7,1,2,11,0,15,32,4
"41133",0,0,0,0,0,0,0,0,0,5,10,1
"41135",0,0,0,0,2,1,0,2,0,2,9,1
"41137",0,0,0,0,1,0,0,0,0,0,0,0
"41139",0,0,0,0,1,0,0,1,0,1,7,0
"41141",0,0,0,2,5,2,0,10,0,20,59,16
"41143",0,1,0,0,9,0,0,7,0,5,26,6
"41145",0,1,0,1,3,0,0,6,0,7,22,3
"41147",0,0,0,1,28,1,1,13,0,26,39,6
"41149",1,1,0,24,43,4,28,48,5,59,183,22
"41151",0,0,0,1,7,0,0,4,0,7,15,10
"41153",0,0,0,5,4,1,0,5,0,3,18,3
"41155",1,0,0,2,21,3,6,60,1,25,111,25
"41157",11,2,2,448,287,83,9,393,170,477,2053,319
"41159",0,0,0,0,4,0,0,3,0,4,7,3
"41161",0,0,0,0,2,0,0,4,0,6,5,0
"41163",0,0,0,23,51,18,22,155,5,60,236,23
"41165",2,0,0,5,18,4,1,57,2,40,163,18
"41167",0,0,0,3,10,2,3,29,0,13,175,21
"41169",0,0,0,0,5,0,0,3,0,2,10,2
"41171",0,0,0,0,1,0,0,0,0,0,13,3
"41173",0,0,0,0,6,0,0,3,0,3,25,2
"41175",0,0,0,0,0,0,0,2,0,0,1,1
"41177",0,0,0,1,10,1,0,15,0,20,61,4
"41179",0,0,0,5,11,5,1,39,0,30,103,46
"41181",0,0,0,0,1,1,0,2,0,3,6,2
"41183",0,0,0,1,1,0,2,7,0,6,28,3
"41185",0,0,0,0,2,1,2,9,0,6,25,6
"41187",0,0,0,12,13,5,3,27,1,18,92,12
"41189",1,0,0,3,11,2,10,15,2,20,83,17
"42027",1,0,0,4,6,0,0,35,0,24,95,6
"42039",0,0,0,6,7,1,19,11,1,6,76,2
"42053",0,0,0,0,0,0,0,5,0,0,18,1
"42057",0,0,0,0,16,0,0,3,0,26,16,0
"42073",0,0,0,0,1,0,0,1,0,0,5,0
"42085",2,0,0,5,82,32,31,147,18,76,329,28
"42113",0,0,0,1,23,4,18,34,6,24,135,4
"42121",1,0,0,3,61,22,20,68,1,48,206,5
"42123",0,0,0,0,0,0,0,1,0,0,0,0
"42157",0,0,0,0,10,0,1,1,2,8,14,0
"42167",0,0,0,4,30,6,4,3,4,2,45,2
"42175",0,0,0,0,2,0,0,0,0,0,2,0
"42181",1,0,0,0,8,10,3,9,1,12,29,0
"42183",0,0,0,1,11,6,0,31,2,52,78,3
"42187",0,0,0,0,3,0,2,2,0,0,21,2
"42199",0,0,0,0,4,0,0,2,0,3,5,2
"42201",0,0,0,0,5,7,9,10,0,16,65,0
"42231",0,0,0,0,0,0,0,0,0,1,0,0
"42239",0,0,0,0,1,1,0,1,0,0,0,0
"42251",0,0,0,2,16,0,0,6,0,41,33,4
"42257",0,0,0,0,20,7,2,23,0,20,64,1
"42285",0,0,0,0,1,0,0,0,0,0,2,0
"42299",0,0,0,0,1,0,0,0,0,0,3,1
"42303",0,0,0,2,14,3,0,26,0,28,17,2
"42309",0,0,0,0,31,6,0,13,0,5,47,1
"42339",1,0,0,0,4,5,1,14,0,10,46,0
"42353",0,0,0,0,10,2,0,6,0,11,10,0
"42367",0,0,0,0,0,0,0,4,0,8,6,1
"42373",0,0,0,1,8,1,0,12,0,3,10,0
"42375",2,0,0,17,60,36,117,23,2,46,387,11
"42397",1,0,0,0,14,1,2,12,1,3,22,2
"42401",0,0,0,1,2,1,0,14,0,11,26,6
"42409",0,0,0,1,15,1,0,3,0,4,17,2
"42411",0,0,0,0,0,0,2,3,0,1,2,0
"42423",3,0,0,0,14,11,0,49,4,94,77,9
"42439",9,2,0,10,188,72,57,492,13,204,707,30
"42451",1,0,0,2,20,4,4,39,0,8,122,4
"42457",0,0,0,0,4,0,1,0,0,2,0,0
"42469",2,1,0,1,13,9,31,1,1,23,77,1
"42481",0,0,0,0,0,0,1,0,0,3,4,0
"42485",0,0,0,0,0,2,0,1,0,3,2,0
"42491",0,0,0,0,7,2,0,10,0,4,14,2
"43 NA",0,0,0,0,0,0,0,0,0,0,2,0
"43003",0,0,0,0,2,9,0,2,0,0,66,0
"43005",0,0,0,0,1,1,0,23,0,0,10,0
"43007",0,0,0,0,0,0,0,7,0,2,11,1
"43011",1,1,0,18,31,27,4,185,1,10,274,18
"43013",0,0,0,1,2,1,0,15,0,1,16,0
"43015",0,0,0,0,0,0,0,1,0,0,3,0
"43019",0,0,0,0,0,2,0,0,0,0,4,0
"43025",0,0,0,0,0,0,0,0,0,0,2,0
"43027",0,0,0,0,1,0,0,7,0,0,8,4
"43029",0,0,0,0,1,1,0,0,0,0,0,1
"43035",5,2,0,57,121,97,16,614,11,103,790,66
"43045",0,0,0,5,1,0,1,17,0,5,35,0
"43047",0,1,0,0,3,2,0,57,0,4,23,4
"43049",0,1,0,13,11,6,1,158,0,5,97,7
"43051",0,0,0,0,1,1,0,27,0,1,6,0
"43053",0,0,0,3,13,11,0,68,0,11,163,9
"43057",2,0,0,37,16,14,41,197,3,6,81,23
"44001",0,0,0,0,3,1,0,6,1,1,13,2
"44003",0,0,0,4,5,0,0,3,0,1,31,0
"44005",0,0,0,1,2,0,1,4,0,4,16,4
"44007",1,0,0,4,17,2,0,29,1,9,58,6
"44009",0,0,0,0,1,0,0,1,0,0,3,0
"44011",0,0,0,1,7,1,0,4,0,8,45,4
"44013",0,0,0,2,0,0,0,0,0,1,1,0
"44015",0,0,0,1,3,0,0,3,0,1,5,1
"44017",0,0,0,0,4,0,0,17,0,1,11,0
"44019",0,0,0,0,2,0,0,23,0,2,20,0
"44021",0,0,0,3,2,2,0,7,0,4,30,5
"44023",0,0,0,0,15,0,0,19,0,2,25,1
"44025",0,0,0,2,7,0,0,6,0,4,27,3
"44027",0,0,0,5,11,1,1,19,0,3,40,0
"45 NA",21,3,0,151,223,159,88,892,117,251,3430,271
"45001",0,0,0,0,5,3,1,14,0,1,44,0
"45003",1,0,0,2,10,4,1,32,1,6,72,5
"45005",0,0,0,0,1,1,0,20,0,1,11,0
"45007",0,0,0,0,1,1,0,6,0,2,17,1
"45009",0,0,0,1,3,3,2,15,0,1,18,0
"45011",0,0,0,0,0,5,0,5,0,0,7,0
"45013",0,0,0,6,14,5,4,38,7,3,56,0
"45015",0,0,0,2,5,11,1,5,0,17,15,23
"45017",0,0,0,0,0,0,0,1,0,0,3,0
"45019",1,0,0,3,3,1,0,24,0,9,79,5
"45021",0,0,0,0,0,0,0,0,0,0,4,0
"45023",0,0,0,0,3,1,0,11,0,1,26,0
"45025",0,0,0,0,2,0,6,0,0,1,4,0
"45027",0,0,0,2,3,5,4,3,0,3,20,2
"45029",0,0,0,1,2,0,0,10,0,2,14,0
"45031",0,0,0,0,6,7,1,29,0,12,74,0
"45033",0,0,0,1,5,3,3,16,0,1,43,2
"45035",0,0,0,2,8,1,1,4,0,2,6,0
"45037",0,0,0,0,2,2,1,2,0,0,11,0
"45041",2,0,0,9,2,4,1,38,0,8,210,2
"45043",0,0,0,0,1,0,0,3,0,2,11,2
"45045",0,0,0,0,0,1,0,3,0,1,1,0
"45047",0,0,0,0,5,1,0,13,2,2,62,2
"45049",0,0,0,0,0,0,0,2,0,1,7,0
"45051",1,0,0,0,1,0,1,6,0,2,5,0
"45053",0,0,0,0,14,3,7,22,0,2,24,1
"45057",0,0,0,0,4,0,1,6,0,1,8,0
"45059",4,0,0,35,61,17,17,167,11,25,519,26
"45061",0,0,0,1,7,9,3,24,0,2,48,2
"45063",0,0,0,0,4,0,0,3,0,1,13,0
"45065",0,0,0,0,0,1,0,8,0,0,14,1
"45067",0,0,0,1,3,7,0,19,0,4,47,1
"45069",0,0,0,2,26,4,1,57,0,3,117,2
"45071",0,0,0,2,2,4,1,6,0,0,10,0
"45073",0,0,0,0,2,2,1,5,0,10,47,0
"45075",0,0,0,0,0,1,0,2,0,0,6,1
"45077",0,1,0,0,0,0,0,5,0,1,17,0
"45079",0,0,0,0,3,1,1,7,0,0,21,0
"45081",0,0,0,0,1,0,0,1,0,1,4,0
"45083",0,0,0,1,2,7,4,16,0,4,40,3
"45085",1,0,0,0,11,2,2,25,0,7,80,6
"45087",1,0,0,3,7,5,1,33,7,9,262,2
"45089",0,0,0,1,4,5,1,22,1,5,40,0
"45091",0,0,0,0,0,0,0,0,0,1,0,0
"45093",1,0,0,2,3,1,0,9,0,2,38,1
"45095",0,0,0,3,3,3,1,22,2,2,71,4
"45097",0,0,0,0,0,0,1,0,0,0,2,0
"45099",0,1,0,1,3,0,1,5,1,5,30,2
"45101",1,0,0,1,1,1,1,3,0,0,11,0
"45103",0,0,0,0,5,0,0,2,0,0,7,0
"45105",0,0,0,1,0,0,3,0,0,2,1,0
"45107",0,0,0,7,21,12,5,87,6,23,291,19
"45109",0,0,0,0,1,2,1,14,0,1,27,0
"45111",0,0,0,0,2,0,1,3,0,4,16,1
"45113",0,0,0,1,1,2,0,6,0,1,7,2
"45115",0,0,0,1,1,1,0,1,0,0,9,0
"45117",0,0,0,1,4,0,2,5,0,3,18,1
"45119",0,0,0,0,1,0,2,5,0,0,13,0
"45121",0,0,0,3,7,3,4,49,1,8,85,10
"45125",0,0,0,0,1,0,1,16,0,0,9,0
"45127",0,0,0,6,1,2,1,2,0,3,22,1
"45131",0,0,0,2,1,0,0,4,0,1,8,0
"45133",0,0,0,1,0,1,0,1,0,0,11,0
"45135",0,0,0,0,4,3,1,7,0,2,16,0
"45137",0,0,0,0,2,3,0,9,0,2,8,0
"45139",2,0,0,0,2,2,0,11,0,3,22,3
"45141",0,0,0,0,0,0,1,6,0,1,10,0
"45143",1,0,0,2,7,3,1,35,0,2,61,0
"45145",0,0,0,0,0,3,1,2,0,2,12,0
"45147",0,0,0,1,1,3,1,3,0,0,13,1
"45149",0,0,0,1,3,0,1,11,0,2,31,2
"45153",1,1,0,24,31,4,2,161,23,68,695,13
"45155",0,0,0,2,4,3,11,35,1,1,72,4
"45157",0,0,0,0,1,1,0,1,0,1,8,0
"45159",0,0,0,0,1,0,0,1,0,0,1,0
"45161",0,0,0,2,9,6,2,27,1,7,97,14
"45163",0,0,0,1,2,2,1,8,0,0,15,0
"45165",0,0,0,2,10,1,10,40,0,2,24,0
"45167",0,0,0,2,8,1,3,17,0,2,25,1
"45169",0,0,0,1,2,2,0,10,0,0,11,0
"45171",0,0,0,1,6,0,4,46,0,1,66,6
"45173",1,0,0,3,2,2,2,7,0,3,32,0
"45175",0,0,0,1,1,2,2,9,0,1,9,0
"45177",0,0,0,3,20,5,1,68,2,13,312,1
"45179",0,0,0,5,17,9,4,70,0,20,135,2
"45181",0,0,0,0,0,1,0,2,0,3,1,0
"45183",0,0,0,0,2,3,0,7,0,1,9,1
"45185",0,1,0,4,9,5,5,22,0,6,40,1
"45187",0,0,0,1,10,4,2,21,0,1,42,2
"45191",2,0,0,2,2,3,4,17,0,2,27,2
"45193",0,0,0,0,1,0,0,2,0,3,19,0
"45195",0,0,0,4,6,2,5,15,0,0,37,0
"45197",0,0,0,1,7,1,1,9,0,2,10,1
"45199",0,0,0,3,2,10,1,4,1,6,48,3
"46 NA",1,0,0,0,3,0,0,5,0,2,12,1
"46001",0,0,0,0,4,0,0,6,0,4,21,0
"46003",0,0,0,1,0,0,0,3,0,2,17,0
"46005",1,2,0,5,21,3,0,112,2,20,83,4
"46007",0,0,0,1,6,0,0,9,1,2,15,0
"46009",0,0,0,4,11,0,7,29,1,29,69,2
"46011",0,0,0,3,15,2,0,52,7,32,77,7
"46013",0,0,0,0,0,0,0,2,0,0,0,0
"46015",1,0,0,2,64,11,1,24,1,21,105,6
"46017",0,0,0,0,0,1,0,4,0,0,5,0
"46019",0,0,0,0,0,0,0,4,0,0,0,0
"46021",0,0,0,4,11,5,0,68,0,5,26,3
"46023",0,0,0,0,0,0,0,4,0,0,2,0
"46025",0,0,0,0,12,0,0,20,2,13,28,0
"46027",0,0,0,0,1,0,0,33,1,1,23,2
"46029",0,0,0,2,23,2,1,19,0,8,40,0
"46031",0,0,0,0,10,2,1,5,0,3,26,4
"46033",1,0,0,9,24,7,0,84,44,78,231,25
"46035",0,0,0,2,32,5,0,91,2,67,246,0
"46037",0,0,0,0,2,1,0,5,1,2,23,0
"46039",0,0,0,0,0,0,0,6,0,2,11,4
"46041",2,0,0,1,11,2,0,42,1,10,44,3
"46043",0,0,0,0,0,0,0,17,0,0,19,1
"46045",0,0,0,1,7,1,0,37,1,8,13,0
"46047",0,0,0,0,7,1,0,4,0,9,26,2
"46049",0,0,0,0,0,0,0,1,0,0,5,0
"46051",0,0,0,0,0,0,0,2,0,0,5,3
"46053",6,2,0,31,101,8,10,521,51,166,642,19
"46055",0,0,0,0,1,0,0,3,0,2,4,0
"46057",1,0,0,0,15,1,0,30,2,9,45,7
"46059",0,0,0,0,0,0,0,6,0,0,5,0
"46061",0,1,0,3,9,4,0,32,2,12,51,5
"46063",0,0,0,0,2,0,0,6,0,4,17,7
"46065",0,0,0,1,1,0,0,11,0,1,14,2
"46067",0,0,0,0,6,8,0,58,1,19,40,0
"46069",0,0,0,0,0,1,0,1,0,1,6,0
"46071",0,0,0,0,6,0,0,6,0,0,18,2
"46073",0,0,0,3,13,4,0,35,0,10,57,1
"46075",0,0,0,0,2,0,1,12,0,1,17,0
"46077",0,0,0,2,16,2,1,88,3,7,79,6
"47001",0,0,0,0,1,0,4,3,0,8,2,0
"47003",0,1,0,3,21,7,7,56,0,46,89,1
"47005",0,0,0,0,3,1,2,10,0,11,19,0
"47007",0,0,0,1,2,0,3,4,0,0,5,0
"47009",0,0,0,0,3,0,2,6,0,1,5,1
"47011",0,0,0,6,13,1,32,31,0,11,101,1
"47013",0,0,0,0,4,0,1,2,0,2,3,0
"47015",0,0,0,0,1,0,2,1,0,0,1,1
"47017",0,0,0,0,0,0,1,1,0,2,0,0
"47019",0,0,0,0,5,5,7,22,0,24,26,1
"47021",0,0,0,0,1,0,1,8,0,0,5,0
"47023",0,0,0,0,2,0,3,3,0,1,5,0
"47025",0,0,0,0,2,3,1,6,0,5,7,2
"47027",0,0,0,0,5,1,1,4,0,7,9,3
"47029",0,0,0,0,1,2,2,10,0,4,11,2
"47031",0,0,0,0,6,0,4,6,0,8,6,0
"47033",0,0,0,3,5,0,10,24,0,62,48,4
"47035",0,0,0,1,0,2,4,5,0,8,7,0
"47037",0,0,0,0,1,0,3,11,0,16,13,1
"47039",2,0,0,21,25,11,21,80,3,179,158,7
"47041",1,0,0,0,3,1,4,5,0,3,16,1
"47043",0,0,0,1,3,2,5,10,0,11,6,2
"47045",1,0,0,0,4,0,3,4,1,10,10,0
"47047",0,0,0,0,1,0,0,1,0,2,7,2
"47049",0,0,0,1,2,0,3,13,0,19,44,0
"47051",0,0,0,1,2,0,2,7,0,19,24,2
"47053",0,0,0,0,1,1,2,10,0,4,13,0
"47055",0,0,0,0,7,5,1,12,1,16,44,2
"47057",1,0,0,0,6,0,5,12,0,13,13,1
"47059",0,0,0,1,0,2,2,8,0,13,17,0
"47061",0,0,0,0,16,1,4,15,1,25,15,3
"47063",0,0,0,2,1,1,2,4,0,3,3,0
"47065",2,0,0,0,2,1,2,3,0,8,12,4
"47067",0,0,0,0,2,0,2,11,0,31,1,1
"47069",0,0,0,3,11,0,1,18,0,36,27,9
"47071",0,0,0,0,1,0,0,3,0,0,1,0
"47073",0,0,0,1,2,0,2,2,0,1,2,0
"47075",0,0,0,0,0,0,1,2,0,2,10,1
"47077",0,0,0,2,6,1,6,16,0,7,20,3
"47079",0,0,0,2,4,2,1,14,0,10,6,5
"47081",0,0,0,2,10,1,13,32,1,39,88,15
"47083",0,0,0,2,6,0,2,5,0,17,13,6
"47085",0,0,0,0,3,0,1,4,0,4,3,1
"47087",0,0,0,1,4,0,1,1,0,6,8,0
"47089",1,0,0,0,3,0,0,2,0,3,9,0
"47091",0,0,0,0,0,0,2,5,0,1,2,0
"47093",0,0,0,0,1,0,0,3,0,1,0,0
"47095",0,0,0,0,0,2,0,2,0,3,6,0
"47097",0,0,0,0,2,0,1,8,0,1,29,2
"47099",0,0,0,1,2,2,1,8,0,12,11,0
"47101",0,0,0,0,0,2,1,1,0,2,0,0
"47103",0,0,0,0,0,0,1,0,0,2,5,0
"47105",0,0,0,1,2,0,0,1,0,5,5,0
"47107",1,0,0,4,27,0,4,36,0,33,65,4
"47109",0,0,0,0,3,1,1,6,0,10,8,0
"48 NA",1,0,0,0,0,0,0,6,0,13,10,0
"48005",0,0,0,2,9,0,0,3,0,0,2,1
"48009",2,0,0,1,32,13,6,58,6,34,180,2
"48013",0,0,0,0,3,0,0,5,0,3,3,0
"48015",0,0,0,0,5,1,0,7,1,3,8,1
"48017",0,0,0,0,7,1,1,10,0,3,21,0
"48021",0,0,0,0,5,2,0,11,0,3,73,0
"48025",2,0,0,4,47,8,1,50,19,78,166,6
"48027",0,0,0,0,5,2,0,20,0,3,12,0
"48029",0,0,0,0,0,0,0,3,0,4,0,0
"48039",1,0,0,2,15,7,4,65,0,54,38,0
"48043",0,0,0,0,2,0,0,2,0,6,2,0
"48049",0,0,0,0,7,1,0,4,0,6,4,0
"48057",0,0,0,0,6,3,0,7,0,4,1,0
"48061",0,0,0,0,4,0,0,7,0,1,26,1
"48063",0,0,0,0,9,3,0,25,2,20,34,2
"48069",0,0,0,0,0,0,0,3,0,3,6,1
"48071",0,0,0,0,5,3,0,26,0,21,21,0
"48077",0,0,0,0,1,3,0,2,0,1,2,0
"48079",12,0,0,14,109,85,14,432,77,305,671,10
"48081",0,0,0,0,1,1,0,10,0,5,2,0
"48085",0,0,0,0,7,1,1,10,0,3,16,1
"48087",0,0,0,3,18,8,5,46,1,38,106,3
"48093",0,0,0,0,0,0,0,2,0,5,9,1
"48097",0,1,0,0,1,1,1,9,0,3,12,0
"48099",0,0,0,1,1,0,0,4,0,0,3,0
"48107",0,0,0,0,0,0,0,0,0,8,0,0
"48109",0,0,0,1,2,1,0,16,0,11,6,1
"48111",0,0,0,0,3,0,0,32,0,4,8,0
"48113",0,0,0,1,4,0,0,3,0,16,1,3
"48125",0,0,0,0,2,0,0,3,0,0,6,0
"48129",0,0,0,0,3,0,0,8,0,1,9,0
"48133",0,0,0,0,3,1,1,10,0,3,1,1
"48135",0,0,0,0,0,0,0,1,0,1,13,1
