FIPS,relover65,nonrelatives,college,samehouse,employed,income,rent
01073,0.8,4,23.4,83.4,61.8,43809,782
04013,0.9,6.8,25.3,79.7,64.3,51976,921
04021,0.9,5.5,27.6,80.2,51.9,48794,965
04027,1.1,3.8,26.4,81.5,54.7,41060,827
05001,0.6,,,,,,
05005,0.8,2.4,21.6,87.1,56.2,38725,547
05007,0.8,4.5,27,86.8,46.4,34256,590
05009,0.6,4,20.3,82.1,64.3,53964,757
05011,0.7,3,26.5,84.8,55.8,36800,553
05015,0.7,,,,,,
05027,0.8,4.6,23.3,78.4,57.2,35263,654
05031,0.7,5.2,21.9,83.5,55.4,33796,560
05033,0.6,6.6,22.7,74.9,63,40907,639
05035,0.7,3.4,23.4,84.2,57.5,38495,600
05037,0.9,3.3,24.2,79.8,63.3,36398,650
05041,0.7,,,,,,
05043,0.8,,,,,,
05045,0.6,,,,,,
05047,0.6,7.4,23.7,82.2,66.8,50066,692
05051,0.7,,,,,,
05055,0.8,5.3,24.9,81.1,55.4,38201,726
05057,0.9,4.2,25.2,85.7,61.1,29849,591
05059,0.7,6.3,21.2,87.8,56.9,41016,645
05061,0.7,,,,,,
05063,0.7,6.7,21.6,84.7,58.2,33058,584
05069,0.8,4.2,22.6,83.3,57.2,37485,646
05071,0.7,3.8,18.6,86.9,57.3,32389,609
05081,0.6,,,,,,
05083,0.7,3.8,22.2,87.4,55.3,36113,504
05085,0.7,3.3,24.2,86.6,66.7,50730,685
05087,0.8,,,,,,
05091,0.7,2.7,23.6,79.3,59.6,38380,662
05093,0.7,4.7,21,82.3,57.7,36226,599
05103,0.9,,,,,,
05107,0.8,2.1,21.5,89.5,57.3,32668,561
05111,0.9,3.9,23.2,85.7,56.6,27337,605
05113,0.7,5.3,19.9,78.5,55.5,30016,521
05119,0.7,3.4,28.9,92,53.7,32830,501
05123,0.6,3.9,22.6,82.6,62.2,39471,606
05125,0.7,5.5,23.4,83,65.4,45256,759
05131,0.7,3.1,23.4,81.7,51.1,32771,590
05133,0.7,3.7,23.4,88.4,64,54847,781
05135,0.8,,,,,,
05137,0.7,4.7,24.3,84.7,60.7,39106,614
05139,0.7,,,,,,
05141,0.7,,,,,,
05143,0.7,,,,,,
05145,0.7,3.5,21.4,87.1,56.4,39300,603
08001,0.8,,,,,,
08005,0.6,6.1,22,75.2,67,40511,685
08007,0.7,3.6,21.9,86.7,57.4,41839,600
08013,0.8,4.1,17.4,89.7,55.3,38130,519
08014,0.9,6.1,22.8,81.9,71,55004,965
08031,0.8,5.4,23.6,80.1,72,59978,964
08035,0.5,,,,,,
08037,0.5,,,,,,
08041,0.5,10.3,17.5,76.5,70.3,66783,1082
08043,0.7,5.3,22.2,82.8,73.7,77239,1137
08045,0.6,9.5,18.7,76.4,71.1,49049,863
08059,0.6,3.7,20.5,85.4,75.1,98327,1237
08069,0.4,11.6,16.2,88.2,82.2,68105,1171
08075,0.6,5.5,26.1,77.4,68.8,55435,887
08077,0.6,3.4,24.2,83.2,38.7,39426,698
08081,0.6,6.7,25.8,78.5,74,53992,1112
08083,0.6,5.5,22.6,84.1,69.9,67060,955
08085,0.5,8.5,23,79.1,69,56274,955
08087,0.3,4.2,23.1,80.3,67.7,41740,593
08089,0.7,5.9,25.9,82,63.7,47531,821
08097,0.6,,,,,,
08099,0.6,5.4,23.7,83.3,61.7,45078,812
08101,0.7,4.5,24,79.5,66.3,42996,679
08107,0.7,,,,,,
08121,0.2,,,,,,
08123,0.6,,,,,,
09001,0.7,6.1,26,82.2,58.9,40617,722
09003,0.3,7.3,25,81.5,76.2,60965,1145
09005,0.2,12.5,24.7,78.4,80,60577,1117
09007,0.5,,,,,,
09009,0.7,6,24.5,81.5,67.5,54459,835
09011,1.1,4.8,15.6,88.5,68.4,79705,1272
09013,1,5,18.1,87.2,67.7,63136,952
09015,1,4.6,19.3,91.1,69.6,69138,925
09900,1,4.8,18.6,89.9,68.9,75225,1026
10001,1.2,5.2,18.1,88,67.2,60105,1042
10003,0.9,5.4,20.2,85.6,67.9,65499,974
10005,0.7,5.6,18.1,86.2,67.9,79105,1015
16001,0.9,6.8,19.2,87.6,68.3,57628,848
16005,0.9,5.8,21.6,86.5,63.7,54413,962
16007,1,6.2,19.8,85.1,66.2,63152,995
16009,0.9,7.2,19.4,88.6,58.2,52338,924
16011,0.6,5.9,27.6,82.9,67.6,52697,800
16017,0.5,6,27.3,79.6,65,42276,601
16019,0.4,,,,,,
16021,0.7,,,,,,
16027,0.5,2.9,27.3,88,63.6,47684,601
16031,0.7,6.4,30,86,54.1,39725,731
16035,0.5,3.5,27,84.5,66.5,50447,675
16039,0.6,5.2,25.9,80.6,63.3,41569,714
16041,0.5,3.6,27.3,80.1,63,43069,508
16047,0.6,,,,,,
16053,0.3,,,,,,
16055,0.5,3.4,29.7,79.6,66.1,41077,701
16065,0.3,,,,,,
16067,0.8,,,,,,
16075,0.7,,,,,,
16079,0.4,2.6,27,90.8,67.1,50022,631
16083,0.5,3.7,21.4,86.5,63.9,40721,667
17201,0.6,7.2,29.7,81.5,63.2,46941,795
19013,0.2,19,28.3,59.8,61.4,32578,626
19049,0.6,3.7,25.6,87.7,64.9,42896,555
19055,0.6,3.6,26.4,86.1,61.5,40172,643
19057,0.6,,,,,,
19061,0.6,6.5,27.5,79.1,62.4,41778,686
19101,0.7,5.7,23,86.9,65.1,46747,735
19103,0.3,8.5,19.7,82.9,67.4,45576,658
19109,0.3,4.8,18,85.8,73.3,70404,841
19111,0.2,,,,,,
19113,0.4,5.3,19.6,87.2,69.6,51171,668
19123,0.4,5.2,17.8,85.7,62.3,44472,512
19125,0.4,,,,,,
19127,0.3,12,17.9,72.4,71.5,52935,823
19139,0.2,,,,,,
19145,0.4,5.6,21.7,89.5,62.3,41405,558
19153,0.4,6.8,23.4,84.6,70.9,57173,662
19155,0.4,5.9,21.1,83,67.9,48420,570
19157,0.4,2.3,24.1,85.8,67.4,53588,638
19163,0.4,4.4,22.5,85.6,66.7,51550,622
19167,0.5,6,24.7,86.7,65.4,47643,726
19169,0.4,,,,,,
19175,0.5,5.6,21,82.6,72.7,56992,762
19179,0.6,5.5,23.9,85.3,68.4,50624,723
19181,0.3,,,,,,
19187,0.4,5.5,22.1,85.5,66.3,51026,682
19193,0.2,3.7,19.6,86.6,73.1,57408,580
19197,0.2,14,20.3,68.3,68.1,49638,718
20001,0.4,,,,,,
20003,0.4,6,21.5,85,62.7,39778,609
20007,0.4,4.1,23.6,84.4,73.1,62066,732
20009,0.3,5.7,24.5,83.7,62.2,40146,522
20011,0.5,6.5,23.5,83.4,68.5,44098,627
20013,0.2,,,,,,
20015,0.5,,,,,,
20021,0.6,,,,,,
20029,0.4,,,,,,
20031,0.4,4.7,26.1,85.4,66.7,45781,573
20035,0.7,,,,,,
20037,0.4,,,,,,
20041,0.5,4.1,29.1,83.6,66.2,55189,711
20045,0.5,3.3,28.8,88.1,61,40533,553
20049,0.4,,,,,,
20051,0.5,,,,,,
20053,0.5,6.8,30.1,77.3,60.8,39756,586
20055,0.5,9.1,23,80,62.1,36125,658
20057,0.4,,,,,,
20059,0.3,13.6,19.5,70.6,70.8,48528,850
20061,0.3,,,,,,
20067,0.3,9.2,24.1,75,75.5,42651,580
20069,0.3,,,,,,
20079,0.8,6.1,19.3,83.7,73.9,47215,657
20085,0.7,5,21.3,86.3,69.9,50021,595
20087,0.5,5.2,24.4,83.7,68,49528,714
20091,0.4,4.9,32.6,75.2,72.4,46000,917
20095,0.6,,,,,,
20097,0.4,,,,,,
20099,0.4,4.8,23.6,84.8,64.4,46899,660
20103,0.6,,,,,,
20105,0.6,,,,,,
20107,0.6,4.5,21.3,85.7,73.4,73021,897
20109,0.5,,,,,,
20111,0.5,,,,,,
20113,0.5,,,,,,
20115,0.5,5.9,24.2,86.9,63.4,39805,558
20119,0.6,3.9,22.1,78.9,61.6,61709,881
20121,0.4,,,,,,
20123,0.6,,,,,,
20125,0.5,,,,,,
20127,0.5,8,23.7,76.1,69.4,40225,562
20129,0.4,4.5,27.1,84.7,67.2,53851,606
20133,0.4,,,,,,
20139,0.3,,,,,,
20143,0.6,4.8,27.9,88.6,67.2,60018,757
20149,0.3,,,,,,
20151,0.5,5.2,26.8,82.6,61.3,39322,565
20153,0.5,,,,,,
20155,0.4,,,,,,
20159,0.3,,,,,,
20161,0.4,,,,,,
20167,0.3,,,,,,
20169,0.3,,,,,,
20171,0.5,3.7,24.9,91.5,70.5,55244,717
20173,0.4,,,,,,
20175,0.4,,,,,,
20177,0.4,4.1,31.4,79.5,62.1,42496,618
20191,0.2,,,,,,
20203,0.3,16,24.5,75.1,68.2,44414,841
20205,0.4,,,,,,
20209,0.4,5.6,25.6,83.1,69.8,45164,651
21007,0.3,,,,,,
21013,0.6,4.9,26,83.1,68.8,48511,701
21015,0.7,5.8,17.5,82.8,69.6,48198,669
21017,0.5,5.1,23.2,82.4,66,46847,692
21019,0.4,4.1,26.6,83.5,64.1,47729,606
21021,0.2,,,,,,
21029,0.3,,,,,,
21031,0.5,,,,,,
21033,0.6,,,,,,
21035,0.8,6.2,23.4,82,66.7,38940,721
21037,0.7,4,20,83.5,59,37291,552
21041,0.4,,,,,,
21047,0.6,2.6,15.8,85.6,60.5,38603,535
21055,0.9,3.1,14.9,91.2,43.1,25209,482
21057,0.7,3.5,23.9,88.3,70.9,65042,848
21059,0.8,,,,,,
21061,0.8,5.7,24.9,87.1,51.1,38933,595
21067,0.6,4.8,19.5,79.2,57.4,39101,635
21071,0.7,4.7,23,87.1,68.1,53748,754
21073,0.9,,,,,,
21081,0.5,,,,,,
21083,0.5,8.4,21.4,79.9,62.7,40304,524
21085,0.7,5,21.4,85,68.2,53080,706
21087,0.6,,,,,,
21093,0.5,3.3,28.6,76.5,62.3,37463,742
21095,0.7,,,,,,
21097,0.7,,,,,,
21099,0.5,4.4,20.4,88,61.2,44858,618
21101,0.8,,,,,,
21107,0.6,8.9,20.5,75.8,69,47785,737
21109,0.8,3.2,19.9,87.4,41.9,27788,551
21111,0.6,5.7,21.9,80.9,60.2,44972,685
21113,0.7,3.6,21.5,88.4,63.1,46813,678
21117,0.5,2.1,19.4,90.4,56.9,36927,557
21121,0.6,4.5,19.2,83,55.3,34020,511
21135,0.6,,,,,,
21145,0.7,4.3,24.4,76.8,65.6,47469,721
21151,0.8,2.9,15.1,91.4,38.4,25718,491
21161,0.7,,,,,,
21173,0.6,,,,,,
21177,0.6,4.3,21.1,83.9,60.3,39947,580
21179,0.9,,,,,,
21183,0.6,4.3,21.4,86.3,58.5,40979,585
21185,0.5,,,,,,
21193,0.7,5.8,22.9,85.6,65.8,45482,707
21203,0.7,5.2,20.5,80.4,65.3,46522,711
21211,0.6,6,22.5,85.3,67.7,52555,724
21217,0.8,2.3,14,86.7,44.2,26047,513
21227,0.6,,,,,,
21231,0.8,4.4,16,87.4,53.8,33164,497
21235,0.6,4.7,17.5,84.4,56.3,35588,549
21239,0.6,4,24.7,86.9,59.7,44910,582
22005,0.6,8.2,21.3,79.9,62.1,40065,612
22015,0.7,,,,,,
22019,0.7,,,,,,
22023,0.6,4.5,20.5,82.6,55.9,35534,602
22039,0.6,3.7,16.6,85.9,49.3,39082,502
22045,0.5,4.5,18.4,87,63.2,41976,671
22053,0.6,4.1,19.7,93.1,53.3,38924,530
22059,0.6,2.6,21.9,87.7,64.4,77659,841
22065,0.9,6.6,15.7,86.2,49.9,31250,521
22093,0.7,,,,,,
23005,0.7,,,,,,
25001,0.7,4.9,22.1,82.5,70.5,60161,706
25003,0.7,4,23,86.6,64.8,54016,763
25005,0.5,4.7,17.8,86.8,58.5,35471,550
25009,0.6,7.5,20.9,76.9,66.2,41184,650
25011,0.6,3.5,18.1,88.3,49.3,27165,465
25013,0.8,5.1,18.6,80.7,50.4,30568,556
25015,0.7,5.5,19.2,90.6,66.9,56407,719
25017,0.7,4.7,22.3,86.7,68.6,66575,821
25021,0.7,4,24.2,83.3,68.6,53096,815
25023,0.7,4.4,21.1,83.2,61.4,42059,724
25025,0.7,,,,,,
25027,0.5,2.6,14.3,90.2,47.5,30925,526
26001,0.6,3.3,20.2,86.7,54.9,39790,565
26003,0.6,,,,,,
26005,0.5,,,,,,
26007,0.8,1.7,18.5,95,60.9,50518,723
26011,0.8,7.1,20.9,84.6,66.2,44518,692
26013,0.7,7.2,18.8,83.5,69.4,58065,927
26015,1,5.6,20.7,90.4,59.2,58751,1124
26017,0.7,5.5,18.8,87.8,62.4,46206,738
26019,1.2,5.6,17.8,89.1,66.4,54221,795
26021,1.2,5.1,17.7,87.7,67.9,66089,1018
26023,0.7,8.6,21,86.6,68.4,52308,824
26025,1,5.9,19,87.3,62.7,49080,777
26027,0.7,9.6,17.3,83.5,65.5,59679,896
26029,1.1,6.4,13.6,86.2,70.1,80150,1260
26031,1.2,4.6,15,89.1,69.1,82468,1237
26033,1.2,4.5,19,89.8,68.4,72633,1105
26035,1,12.7,14.5,78.7,68,51153,1240
26037,1,5.6,18,88,67.6,63687,895
26039,0.9,,,,,,
26041,0.5,,,,,,
26043,0.5,4.7,22.8,86.4,62.4,49394,725
26045,0.4,4.4,26.6,85.9,57.6,37895,529
26047,0.6,4.4,24.2,92.1,56,43934,701
26049,0.6,,,,,,
26055,0.5,,,,,,
26057,0.6,4.1,25.1,90.5,62,52211,700
26059,0.4,5.1,24,88.5,60.1,45064,633
26061,0.7,,,,,,
26063,0.7,4.3,22.8,87.3,61.1,43303,638
26065,0.6,5,24.4,90.2,54.9,40438,676
26067,0.6,5.3,25.4,85.1,60.5,40771,648
26069,0.7,4,24.3,92.9,59.7,43921,718
26071,0.5,4.4,24.7,89.6,61.1,44756,614
26073,0.7,5.8,22.2,86.6,53.5,37573,566
26075,0.4,6,25.9,82.5,53.3,38996,594
26077,0.6,5.8,25.9,85.9,47.2,31539,572
26079,0.4,7.2,27.5,86.4,64.6,58251,760
26081,0.5,,,,,,
26085,0.4,5.6,23.8,88,58.7,39904,538
26087,0.4,3.2,22.4,88.7,58.4,42468,589
26089,0.5,4.2,27.8,86.2,64.4,53878,746
26091,0.6,4.8,23.4,87,64.3,50000,725
26093,0.6,5,26.9,84.8,57.3,40860,695
26097,0.5,6.3,25.1,86,65.2,50275,821
26099,0.4,5.3,25.3,82.7,53.2,40486,590
26101,0.6,4.8,23.2,87.8,57.5,41260,611
26103,0.3,9.8,19.3,83.9,55.8,35323,595
26105,0.5,4.1,19,90.9,56.8,39925,586
26107,0.5,10.3,24.4,75.6,63.2,43971,755
26109,0.4,4,26.2,85.3,60.1,47392,682
26111,0.6,5.3,26.8,87.3,47.1,34989,579
26115,0.6,,,,,,
26117,0.3,18.1,23.3,66.4,61.5,35536,666
26119,0.6,5.4,28,82.5,58.2,44071,723
26121,0.4,9.3,25.1,78.8,65.5,45453,706
26123,0.6,,,,,,
26125,0.5,6.1,22.5,84,68.9,50940,737
26127,0.8,,,,,,
26129,0.7,3.6,26.1,88.8,60.2,51435,775
26133,0.6,3.5,23.4,91,56.6,53512,788
26137,0.5,4.9,24.8,85,60.1,46608,693
26139,0.7,3.4,26.1,90.3,67.6,71039,899
26141,0.6,,,,,,
26143,0.9,3.6,24.5,88.5,64.5,51971,811
26145,0.6,5.9,24.2,85.2,51.1,39485,649
26147,0.4,7.7,23.1,83,58.2,44528,599
26149,0.5,4.5,26.2,86.2,60.7,41174,652
26151,0.5,9.7,24.6,81.5,56.6,38597,639
26153,0.5,3.6,22.5,89.9,59,40047,521
26155,0.5,4.4,22.3,84.8,60.4,52352,720
26157,0.6,3.8,25.7,88.4,62.8,52227,797
26159,0.5,5.5,24.9,88.7,55.1,39926,670
26161,0.7,,,,,,
26163,0.5,5.3,25.4,83.9,59.5,40158,649
26165,0.6,5.6,23.8,89.9,55.9,42084,672
28047,0.8,4.1,21.5,85.5,66.9,63205,904
29047,0.6,4.5,22.2,89,55,38289,667
29095,0.5,5.7,23.3,85.5,48,35379,624
29097,0.6,6.4,21.4,86.8,53.8,36879,565
29105,0.6,6.5,25.1,82.6,59.8,47821,662
29117,0.4,5.3,22.2,84.9,68.1,55568,743
29183,0.6,,,,,,
30001,0.7,6.4,25,86.4,41.4,33743,657
30003,0.5,5.1,23.9,86.6,58.3,41793,703
30005,0.7,5,26.6,85.4,60.9,46055,709
30009,0.6,4.6,23.2,91.4,59.9,42677,629
30013,0.6,4.8,21.1,92,56.7,40034,611
30015,0.4,,,,,,
30017,0.6,4.9,27,86.5,60.3,46717,653
30027,0.5,4.3,23.4,86.9,57.8,43247,643
30029,0.6,5.3,24.7,90.4,60.6,45077,646
30031,0.6,9.9,20,76.6,65.6,57548,893
30035,0.9,5,25,85.4,58.7,40123,781
30041,0.7,4.3,23.2,84.5,58.4,38608,649
30043,0.8,5.6,25.9,79.1,65.3,41283,838
30047,0.6,4.9,25.9,84.7,71.5,59095,794
30049,0.7,6.5,24.1,83.2,66.7,45577,783
30053,0.5,7,22.6,82.9,65.2,38861,637
30063,0.6,5.3,19.9,83.8,60.2,40391,584
30065,0.4,,,,,,
30067,0.7,3.7,23.4,89.2,71.8,68935,855
30077,0.4,,,,,,
30081,0.6,,,,,,
30085,0.4,,,,,,
30089,0.5,,,,,,
30095,0.5,4.8,27,81.5,63.4,44116,616
30099,0.5,,,,,,
30105,0.5,,,,,,
30111,0.5,,,,,,
31001,0.6,5.7,24.8,90.8,64.7,44734,749
31025,0.3,10.5,23.7,75.1,71.2,51911,823
31031,0.4,,,,,,
31047,0.4,,,,,,
31053,0.4,,,,,,
31055,0.6,5.9,26.5,83,58.6,36138,596
31081,0.5,6.1,24.8,84.7,68.3,54139,692
31111,0.6,,,,,,
31119,0.4,,,,,,
31121,0.4,10.4,23.3,76.9,70.2,45054,743
31125,0.6,,,,,,
31127,0.5,,,,,,
31141,0.5,,,,,,
31153,0.3,,,,,,
31177,0.7,4,26.7,85.4,57.6,38110,662
33001,0.3,,,,,,
33003,0.4,,,,,,
33005,0.6,,,,,,
33007,0.4,,,,,,
33009,0.5,,,,,,
33011,0.6,,,,,,
33013,0.5,6.1,25.9,83.7,68.5,50000,696
33015,0.4,6.7,26.1,80.5,68.6,45879,609
33017,0.4,3.6,27.2,91.1,69,61515,722
33019,0.4,,,,,,
38015,0.4,5.1,21.5,83.9,68.7,44454,644
38017,0.5,6.6,24.1,81.9,72.2,52428,780
38035,0.3,4.7,21.2,89.4,66,48338,552
38049,0.3,,,,,,
38059,0.4,,,,,,
38061,0.4,3.9,28.1,86.4,66.5,47633,572
38063,0.3,4.2,23,83.1,70.4,45904,602
38067,0.4,,,,,,
38077,0.4,,,,,,
38079,0.2,,,,,,
38081,0.3,4,28,88.5,74.4,53582,606
38101,0.5,3.7,26.1,82.8,76.4,67694,843
38105,0.3,2.6,21.8,91.1,69.5,71505,703
39001,0.9,5.1,20.2,89.4,65.7,58047,889
39005,0.7,4.7,20.4,88.8,60.7,50335,905
39009,0.8,8.2,18.6,83.4,67.4,54921,943
39013,0.8,5.9,19.1,86.4,59.1,39246,650
39015,0.6,7.2,17.1,84.5,63.5,52839,892
39017,0.9,5.9,18.4,86.4,71.7,69395,1028
39021,0.8,6.7,19.4,86.6,67.7,63357,899
39023,1,5,18.7,89.7,72.7,77813,1062
39025,0.7,8.7,19.3,79.1,69.1,55196,943
39027,0.8,5.8,18.8,87.6,66.3,55173,860
39029,0.3,5.9,21.6,83.6,72.5,60214,663
39031,0.3,8.5,25.1,77.1,77.4,52416,657
39035,0.3,9.9,24.2,77.1,71.4,44707,671
39039,0.6,,,,,,
39041,0.5,,,,,,
39045,0.3,5.1,23.2,85.3,73.7,56241,678
39047,0.4,,,,,,
39049,0.5,,,,,,
39051,0.3,,,,,,
39057,0.3,,,,,,
39059,0.4,,,,,,
39061,0.4,,,,,,
39063,0.3,4.9,17.3,86.2,66.9,48881,543
39069,0.3,6.4,27,77.5,73,54324,688
39071,0.4,7.4,26.9,78.3,71,76206,669
39073,0.6,3.8,16.6,87.7,55.3,33893,530
39087,0.6,4.1,15.5,86.2,63,43368,659
39089,0.4,15.7,18.8,69.2,54.6,34705,675
39093,0.9,3.8,19,89.2,56.8,42254,520
39095,0.7,4.9,15.6,88.8,58.6,43439,666
39097,0.7,5.6,20.2,85,66.5,55895,789
39099,0.5,4.2,20.2,84.2,62.1,47947,660
39101,0.7,6.2,23.3,85.1,59.7,41235,658
39103,0.7,4.6,18.9,89.5,66.4,56530,759
39109,0.7,5.6,21.4,85.1,62.9,42269,668
39111,0.7,4.7,17.9,87,59.4,41930,583
39113,0.6,4.8,17,88.1,58,41125,571
39117,0.9,4.8,22.3,85.3,63.5,42500,722
39119,0.5,5.6,21.4,85.4,64.6,46467,637
39125,0.6,3,18.2,88.3,70.7,87890,858
39129,0.6,4.8,20.9,86.3,63.3,45870,686
39133,0.6,4.2,21.4,85.1,66.2,60375,773
39135,0.6,6.5,18,84.8,61.5,37753,698
39139,0.6,8.2,21,80,69.3,49670,800
39141,0.5,3.6,21.6,88.3,67.2,51644,671
39145,0.6,4.8,18.9,88.4,52.6,37830,584
39147,0.6,5,21.2,86.2,62.7,55153,825
39149,0.7,4.6,20.1,87.9,58.1,38102,576
39151,0.6,6.2,20.5,83.3,66,47643,692
39153,0.4,6.3,21.2,84.2,67.8,49400,659
39155,0.4,5.3,15.9,84.2,60.3,41367,628
39157,0.4,3.9,20.1,89.8,65,48576,669
39159,0.7,5,20.2,84.3,58.3,38198,611
39161,0.6,5.1,18.3,88.3,58,40981,555
39165,0.8,4.3,18.3,90.6,55.2,41095,600
39169,0.7,4.3,18.3,87.7,53.4,40232,620
39171,0.6,4.9,21.6,86.6,66.7,53984,728
40001,0.5,5.2,16.2,86.6,61.7,44853,676
40003,0.7,4.5,23.1,86.1,63.3,50230,726
40011,0.6,6.2,23.8,83.2,63.8,40416,646
40013,0.5,4.3,21.7,85.8,58.9,55121,736
40017,1,4.5,21.7,89,59.2,40005,619
40037,0.6,5.8,22.1,80.8,53.4,41222,688
40057,0.8,3.8,22.4,89.8,68.3,63609,813
40067,0.6,4.9,20.7,85.1,65.1,50594,700
40071,0.6,,,,,,
40073,0.7,5.3,24.9,82.3,61.6,42100,710
40075,0.8,4.2,21.1,89.5,63.7,51623,698
40077,0.6,6.4,20.2,86.2,61,39829,622
40079,0.4,,,,,,
40081,0.6,5.7,18.5,84,58.7,54294,722
40083,0.6,4.7,14.4,85.4,54,35939,652
40087,0.7,7.8,20.3,83.2,67,51201,775
40095,0.7,4.2,21.7,86.8,64.3,47757,713
40101,0.6,4.8,21.4,85.3,57.7,41697,614
40103,0.6,5.6,19.3,86,55.4,43089,648
40107,0.7,6,21.7,87.6,50,35269,547
40109,0.5,5,17.9,89,65.2,51145,685
40111,0.7,4.6,21.3,87.4,63.5,44333,662
40117,0.7,5.5,20.6,88.8,64.9,48252,730
40121,0.9,3.9,19.2,88.8,56.7,41671,612
40125,0.6,3.9,16.6,89.3,63,42636,627
40127,0.5,3.7,21.2,84.8,65,62622,757
40135,0.7,3.4,18.2,87.8,68.1,71134,895
40137,0.6,4,16.3,87.2,64.5,47795,657
40139,0.5,5.1,20.5,82.2,61.8,40593,600
40141,0.4,8.5,23,79.7,67.1,50284,706
40143,0.6,3.7,20.3,92.7,54.9,33900,514
40149,0.3,,,,,,
41003,0.4,,,,,,
41017,0.7,6.1,22.3,80.6,61.2,37663,637
41019,0.6,4.2,29,84.6,68.3,60978,805
41029,0.8,4.4,24.7,88.9,58.5,41962,643
41041,0.8,,,,,,
41043,0.9,,,,,,
41047,0.4,5.3,24.4,80.2,61,40097,597
41049,0.5,,,,,,
41053,0.5,,,,,,
41059,0.6,,,,,,
41061,0.7,5.4,22.6,87.2,52.4,34650,549
41071,0.7,3,24.5,88.5,59,40915,551
44001,0.6,3.3,25.9,84.2,60.7,53032,643
44003,0.6,3.1,25.2,87.5,63,53638,673
44005,0.3,,,,,,
44007,0.6,,,,,,
45001,0.7,4.4,24,84.8,54.8,38156,613
45003,0.6,,,,,,
45005,0.6,,,,,,
45007,0.7,6.1,24.8,79.8,65.8,44271,744
45009,0.7,5.2,24.2,81.5,54.9,37617,591
45011,0.6,,,,,,
45013,0.7,4.7,23.8,84.5,53.5,40689,655
45015,0.7,4.9,25,85.5,58.4,41584,656
45017,0.7,,,,,,
45019,0.7,4.8,21.1,83.9,55.8,38020,616
45021,0.6,4,24.3,80,58.3,43790,620
45023,0.5,5.8,19.5,83,70.2,46805,632
45025,0.7,,,,,,
45027,0.6,5.6,24.2,82.1,67,46893,736
45029,0.4,,,,,,
45031,0.4,5.8,24.7,87.2,63.8,51162,620
45033,0.5,13.2,22.2,81,59.3,46238,790
45035,0.7,6.6,29.8,80.2,62.4,47265,906
45037,0.9,6.2,30.2,82.2,52,38974,755
45041,0.8,7.8,29.2,81.1,60,42424,854
45043,0.9,6,28.1,83.7,56.8,42342,809
45045,0.8,7.2,31.4,86,57.7,44296,766
45047,0.7,6.3,27,81.3,62.5,45405,780
45049,0.9,,,,,,
45051,0.7,6.6,26.7,80.7,59.4,50178,786
45053,0.7,5.9,28,81.1,62.3,46305,658
45055,0.6,6.4,26.6,83,55.7,41462,638
45057,0.8,7.5,24.8,84.4,62.8,51055,862
45059,1,4.2,15.6,88.3,65.2,66288,893
45061,1.1,5.4,19.7,90.3,69,59707,968
45063,0.7,5.8,17.9,85.3,67.4,70723,1113
45067,1.2,7.5,18.5,85.4,64.8,48225,857
45069,0.9,4.1,21,89.7,53.4,35335,549
45073,0.8,3.6,22.1,86.9,57.1,43555,708
45075,0.8,,,,,,
45077,0.9,3.8,20.4,86.4,58.7,40044,658
45079,0.9,,,,,,
45083,0.8,5.2,20.9,91.9,56.5,35189,640
45085,0.7,5,20.5,81.2,58.5,56369,995
45087,0.8,4.3,24.4,82.5,65.9,50680,952
45089,0.8,,,,,,
45091,0.7,8.5,20.3,79.5,65.7,49914,940
46009,0.9,4.3,17.9,84.7,57.1,33030,641
46013,0.9,4.5,18.1,92.3,55.9,31867,590
46023,0.7,4.9,16.1,90.8,56.2,30979,606
46029,1,4.6,20.1,88.8,50.4,32331,598
46033,0.9,3.4,19.1,93.6,54.3,30357,693
46057,0.9,2.6,19.2,87.9,57.2,35225,587
46065,1,5.5,18.5,88,53.1,26063,548
46071,0.8,3.5,24.8,83.3,66.6,52177,955
46081,0.8,2.1,19.1,87.3,51.4,44651,560
46083,0.9,4.7,20.5,85.4,61.6,41147,655
46099,0.9,4.4,20.5,88.9,51.9,38985,790
46103,0.7,4.3,20.4,84.2,64.3,48076,740
46105,0.7,4.6,17.1,83.4,58.3,35165,656
46125,0.8,4,18.2,88.4,56.3,35734,631
47001,0.9,7.4,22.7,82.6,60.8,40655,822
47003,0.9,5.8,17.4,81.9,65.8,35741,754
47009,0.8,4.4,22.4,84.4,61,41343,681
47011,0.8,3.9,22.4,87.2,56.8,41845,611
47013,0.8,3.7,19.5,88.2,58.1,36887,673
47017,0.8,,,,,,
47019,0.7,5.1,22.4,85.1,67.5,52911,803
47021,1.1,3.4,17.4,93.1,55.1,28171,523
47023,0.9,4.1,17.6,89.3,46.8,27648,562
47025,0.7,6.5,19,82.7,53.9,42254,680
47027,0.9,3.5,17.2,89.9,54.3,32687,666
47029,0.7,7.3,19.3,81,57.7,40244,690
47031,0.6,7.2,22.6,77.8,67.5,47147,833
47033,0.9,,,,,,
47035,0.8,4.2,20,84.4,61.6,42243,679
47041,0.8,4,23.9,86.3,60.2,40280,710
47043,0.9,3.7,18.6,87.9,54.8,33186,601
47045,0.9,3.8,17.3,93.1,45.6,25169,575
47051,0.8,3.6,20.9,86,67.3,51542,782
47053,0.3,,,,,,
47055,0.3,5.1,21.5,84.2,71.6,51047,558
47059,0.4,,,,,,
47063,0.3,6,21,86.9,72,46720,579
47065,0.5,,,,,,
47069,0.3,,,,,,
47071,0.3,,,,,,
47075,0.7,,,,,,
47077,0.4,5.5,23.5,83.1,65.9,44042,576
47079,0.3,4.3,19.1,86.3,77.1,74288,834
47081,0.4,6.1,20.9,83.8,74,50604,691
47089,0.4,6.9,25.9,80.2,69.2,49637,753
47091,0.6,,,,,,
47093,0.3,,,,,,
47095,0.8,3.5,21.9,84.5,57.1,42304,665
47097,0.9,4.4,17.7,87.4,59.3,40203,636
47099,0.9,,,,,,
47101,0.9,3.7,22.3,84.7,60,45204,715
47103,0.8,5.4,22.9,82.9,60.1,38823,690
47105,0.9,3.6,15.9,86.2,46.9,30555,538
47107,0.8,3,18.4,89.2,53.7,35073,520
47109,0.8,4.9,20.1,86.4,55.2,32847,525
47111,0.9,4.9,19.6,89.1,65,49703,893
47113,0.7,,,,,,
47119,0.8,3.5,13,88.2,49.4,32525,517
47125,0.7,,,,,,
47127,0.8,3.9,15.2,84,53.8,28509,527
47129,0.8,4.4,17.3,85.7,58,34885,635
47131,0.7,,,,,,
47133,0.9,4.7,19.5,87.7,46.5,36957,591
47141,0.8,,,,,,
47145,0.8,4.2,20.8,86.8,61.1,43448,744
47147,0.7,3.8,17.5,83.4,58.7,36931,613
47149,0.8,3.8,20.3,87.7,55,41548,587
47151,0.8,3.5,24.3,87.4,57.9,36493,573
47153,0.8,4.2,18.8,89.8,56.8,37027,550
47155,0.9,3.9,17.9,87.2,54.5,34797,566
47157,0.8,4.1,18,86.6,58.8,37293,638
47159,0.9,4.9,24.3,83.8,63.4,46068,731
47163,0.7,2.3,18.9,92.1,46.4,27641,520
47165,0.9,3.3,17.2,88.7,52.3,31035,484
47167,0.8,,,,,,
47171,0.6,3.7,20.8,91.1,57.1,36387,578
47177,0.7,4.2,19.4,83.2,55.5,37398,588
47179,0.7,5.1,17,88,54.3,40166,624
47183,0.8,6.7,21,84.8,60.2,38872,618
47187,0.8,,,,,,
47189,0.7,5.4,20.7,86.5,64.3,45761,757
48027,0.5,,,,,,
48039,0.7,3.8,15.7,78.3,49.4,31465,610
48057,0.6,3.3,17.8,89.6,59.8,36607,586
48085,0.9,,,,,,
48113,0.8,4.2,21.3,87.3,59.6,40981,612
48121,0.8,2.8,20.3,87.7,55,47096,682
48167,0.8,3.7,18.6,84.4,54.4,38585,567
48183,0.7,4.3,18.4,94.2,51.1,30926,532
48201,0.6,4.7,16.6,85.2,59.5,34515,534
48251,0.7,4,21.8,87.2,60.6,41317,721
48303,0.8,4.4,22.7,85.3,64,43967,667
48309,0.6,5.7,26.8,74.8,66.4,48605,827
48339,0.7,,,,,,
48353,0.7,4.3,17.3,84.1,43.4,36979,572
48373,0.7,3.7,20.2,86.4,56.2,40113,577
48375,0.7,2.5,17.4,89.7,52.8,32310,553
48401,0.6,5.8,19,84.2,56.6,33539,571
48409,0.8,3.5,20.9,89.5,53.5,42357,663
48423,0.9,3.9,22.1,87.9,65.3,52578,805
48439,0.7,6.8,24.1,82.5,70.2,53675,848
48451,0.7,5.7,13.5,88.3,50.7,29302,530
48457,0.8,,,,,,
48469,0.9,5.4,22.9,83.5,65.8,42883,702
49007,0.9,5.3,23.8,82.7,65.5,45488,837
49011,0.7,,,,,,
49013,0.8,4.1,21.1,85.4,56.4,38899,594
49035,0.8,4.2,23.9,84.3,65.1,52996,820
49045,0.8,3.4,25.4,85,63.8,51213,672
49047,0.7,,,,,,
49049,0.7,3.5,15.9,90.4,54.7,31122,556
49051,0.7,5.7,21.8,84.3,59.3,42937,668
49053,0.5,6,20.2,78.4,59.1,35164,561
49057,0.8,4.3,13.8,86.4,55.7,33913,561
50003,0.7,2.5,18.5,87.5,68.9,87959,1061
50005,0.8,3.8,20.6,86.5,64.7,58983,844
50007,0.6,5.5,28.7,76.5,66.1,49643,850
50011,1,3.7,24.2,87.1,65.1,65308,861
50013,0.8,3.3,23.3,84.9,60.9,45430,712
50015,1,3.9,21.1,86,72.5,82296,1028
50021,0.9,5.4,20.2,82.8,68.5,48509,864
50025,0.8,5.5,25,80.8,74.6,71857,917
50027,1,5,23.9,82.6,66.1,60597,887
51003,0.7,5,26.5,80.9,62.3,43021,759
51005,0.9,3.5,23.4,87.3,68.3,61822,832
51009,1,5.2,21.1,82,68.3,51902,863
51013,0.9,4.7,27,86,64.2,56579,851
51015,0.8,,,,,,
51019,0.6,8.2,25.2,75,67,43632,783
51027,0.7,6.7,23.3,80.1,61.6,40894,749
51029,0.9,5,24.5,83.5,66,65717,939
51033,0.6,,,,,,
51035,0.9,4.1,25.5,84.9,47,38350,627
51041,0.7,5.6,26.2,79.5,62.2,35819,688
51047,0.8,4.2,27.7,81.5,55.6,45822,643
51059,0.8,4,26.3,83.1,61.6,50426,804
51061,0.8,4.8,25.7,79.7,63,45131,812
51067,0.9,4.8,24.6,82.5,69.5,55222,867
51069,0.7,5.6,22.7,74.1,64.5,43390,687
51071,0.7,5.1,25.2,89,47,38767,583
51083,0.7,4.6,25.5,82.2,64.6,49183,712
51085,0.4,4.6,31.4,84.7,62,45897,572
51087,0.5,2.8,28.1,86.1,69.6,68683,858
51089,0.4,,,,,,
51093,0.5,,,,,,
51095,0.7,6.1,26.1,82.4,71.5,58732,878
51099,0.6,2.9,31,85.3,68.4,61970,869
51101,0.5,4.3,26.1,84.2,66.7,60120,898
51105,0.5,6.1,29.1,77.9,67.8,58675,843
51107,0.4,3.1,29.7,85.1,69.1,62716,945
51113,0.7,4.3,29.9,82.4,58,46936,935
51115,0.5,5.2,27.9,85,68,54334,782
51117,0.8,5.9,19.3,87.7,64.7,51223,844
51121,0.6,6.3,18,87.6,65,42487,659
51127,0.5,10.1,15.4,80.3,71.1,62204,991
51131,0.5,5.9,19.1,89.3,70.4,53910,863
51133,0.8,,,,,,
51141,0.7,6.3,16.5,91.9,68.2,52141,809
51143,0.7,7,17.3,87.4,59.3,39802,670
51147,0.7,6.8,18,86.3,65.1,48533,802
51149,0.6,6.9,18.6,88.2,66.6,50220,802
51153,0.7,5.9,17.3,87.6,65.2,51812,823
51155,0.7,5.7,15.7,82.5,60.3,67159,1083
51161,0.7,,,,,,
51163,0.9,4.5,20.4,90.2,61.3,43463,647
51165,0.6,13.6,8.8,77.6,79.4,101319,1701
51167,0.9,3.2,16.1,92.4,59.4,49784,763
51169,0.8,4.1,21,92.2,63.1,56611,738
51171,0.9,2,20.3,93.6,63.8,65417,710
51173,0.7,4,19.5,93.4,44,30226,608
51175,1,,,,,,
51177,1.1,5.7,21.8,85.2,66.1,54553,958
51179,0.7,2.8,19.8,91.7,56.5,31281,510
51183,0.9,4.7,22.2,88.5,68.6,71492,1055
51185,1,,,,,,
51187,1.1,5,20.3,87.9,64,61297,978
51191,1,,,,,,
51195,1.2,5.7,14.7,86.2,73.3,107923,1631
51197,1.1,3.8,22.8,89.6,69.1,90657,1119
51199,0.8,4.1,21.8,85.7,56.9,42175,626
53003,1,5.7,20.9,88.1,66.6,68795,1055
53005,0.9,,,,,,
53007,0.9,4.2,27,89,62.9,59927,841
53009,1,2.6,20.8,89.9,54,34819,557
53011,1,2.6,20.8,90.3,67.1,73664,961
53015,0.9,5.3,21.1,82.5,70.1,59739,989
53021,0.8,3.1,20.7,88,55.6,32914,576
53029,1,2.9,21.4,91.3,67,66781,988
53033,0.8,4.9,17.9,90.3,59.6,76569,1159
53035,1.2,,,,,,
53041,0.9,3.7,21.1,86.9,70.8,88382,1100
53045,1,,,,,,
53053,0.7,4.5,24.2,89.5,43.6,31050,475
53061,1.1,4.8,15.9,88.7,76.8,121621,1612
53065,1,5.2,17.8,91.5,63,54649,949
53067,1.3,,,,,,
53073,1,,,,,,
53077,0.9,4.9,21.4,91.5,49.4,34524,632
54003,0.5,16.1,16.9,71.4,59.3,43247,810
54007,1,,,,,,
54011,1.1,,,,,,
54019,1.1,,,,,,
54027,1,5.6,17.1,89.5,58.6,41834,698
54031,0.9,,,,,,
54033,0.9,3.5,20.8,91.1,58.7,41730,592
54035,0.8,7.1,18,81.6,46,36904,761
54037,0.8,1.9,23.9,80.2,56.3,56898,1178
54039,1.1,5.3,22.5,85.9,75.2,95427,1467
54043,0.8,4.8,21.6,89.3,57.8,42981,597
54045,0.8,2.8,22.3,88.1,64.7,60155,820
54049,0.8,3.5,19.6,91.3,53.9,46104,692
54051,0.7,3.9,15.1,89.4,64.2,51099,786
54053,0.6,3.8,18.7,92.1,48.5,32797,502
54055,0.8,2.7,18.5,90.3,51.2,34484,477
54057,0.9,6.1,16.2,84.9,61.4,47968,810
54059,0.8,4.4,18.1,86.3,55,35540,540
54061,1,,,,,,
54063,1,4.5,21.8,87.1,69,78089,1303
54067,1,3.6,23.5,85.1,71.6,97136,1399
54069,0.9,,,,,,
54073,0.8,3.8,22.1,89.3,48.2,33810,547
54077,1,4.8,20.4,87.9,68.5,59644,953
54079,0.7,3.6,18.9,87.1,57.8,41193,619
54081,0.7,6.2,20.4,87.1,47.6,34414,605
54083,0.8,4.1,21.3,91.9,61.4,37468,611
54087,0.9,2,21.5,84.8,66.1,78920,1324
54097,0.6,5,27.8,82.4,55.1,41402,661
54099,0.7,5.3,25.4,84.5,64.1,61244,782
54105,0.7,5.5,22.4,89.3,62.6,49670,751
54107,0.7,7.6,29,84.9,50.2,45776,817
55005,0.8,6.4,28.7,83.4,64.6,56696,923
55009,0.7,6.5,30.6,82.8,56.3,44749,725
55021,0.7,5.8,21.7,83.6,65.2,55291,714
55025,0.7,4.9,23.6,85.2,64.3,42904,648
55039,0.7,4.7,29.1,83.6,60.9,58876,1035
55063,0.8,8.4,20.6,81.4,69.7,69346,1096
55071,0.7,6.5,30,82.5,63.1,59684,1001
55079,0.7,6.6,28.2,83.1,55.4,42192,742
55085,0.8,8.2,31.4,87.8,52.5,45374,853
55087,0.7,6.3,27.2,81.8,65.9,57837,987
55093,0.8,6.8,27,83.1,68.5,66377,1076
55099,0.7,5.7,28.6,87.3,51.8,40668,654
55109,0.7,6.2,28.3,81.4,64.6,61741,996
55113,0.6,9.1,25.4,81.9,63.8,52034,889
,0.8,5.9,21.7,84.2,62.1,43480,742
,0.8,6.4,21.9,84.5,65.9,52631,800
,0.7,,,,,,
,0.7,6.3,18.7,81.3,56,37707,619
,0.8,5.3,18.4,90.6,45.7,32465,560
,0.8,3.2,12,91.8,52.2,26018,493
,0.5,,,,,,
,0.8,4.7,19.8,89.5,55.6,40353,608
,0.6,4.9,20.4,89.3,51.8,40007,550
,1,5.5,19.3,85.4,66.8,63563,838
,0.8,4.8,18.9,87.4,60.1,44972,667
,0.8,3.2,18.8,92.7,44.1,33960,548
,0.9,4.4,19.5,87.8,44.2,35222,540
,0.7,5,20.8,91.6,57.8,41238,640
,0.7,5.4,18.2,89.9,54.4,39895,498
,0.6,5.1,19.5,89.6,47.3,38737,504
,0.8,4.4,19.1,89,49.2,35124,548
,0.8,4,14.5,90.9,52.8,28702,514
,0.5,5.6,15.7,89.1,43.9,37133,514
,0.5,13.7,16.8,80.1,59.6,42698,704
,0.9,,,,,,
,0.6,3.1,15.9,88.9,50.5,38098,522
,0.8,4.6,20.8,87.3,60.5,39379,537
,0.6,,,,,,
,0.7,5.5,18.6,85.1,54.9,45327,547
,0.7,5.1,19.1,94.6,60.1,53661,699
,0.8,4.9,18.9,86.4,49.2,39757,620
,0.7,2.3,12,90.5,51.9,38288,538
,0.7,,,,,,
,0.6,5.6,15.3,85.8,50.9,40229,535
,0.7,4.4,18,93.9,48.2,34638,543
,0.6,,,,,,
,0.6,6,25.2,89.4,58.3,41026,586
,0.5,5.6,19.3,86.9,64.8,44276,599
,0.4,5.6,20.7,85.8,70,51975,682
,0.4,3.1,16.7,93.2,71.2,64802,652
,0.5,5.7,23.8,87,70.2,56892,723
,0.4,9.1,18.6,79.6,73.3,61125,880
,0.5,4.9,20.5,86.9,70,52999,676
,0.4,8.8,20.9,81.3,69.1,49286,719
,0.5,3.9,20.3,93.3,66.9,48114,589
,0.6,7.2,21.9,81.1,66.3,42097,777
,0.6,4.3,26.7,89,59.1,41677,686
,0.4,4.4,20.2,88.9,71.2,57104,703
,0.3,8.6,25.1,82.9,71.2,57586,752
,0.6,,,,,,
,0.4,4.2,21.2,87.5,74.3,67098,860
,0.7,,,,,,
